timestamp,trigger_action_id,deception_strategy,mutation_id,confusion_delta,intelligence_yield,mitigation_status
2026-04-09T15:40:50.133Z,ac8b7f34,ENTROPY_NOISE_INJECTION,DNA_SEQ_54,8,0.86,SUCCESS
2026-04-09T15:42:02.115Z,0526a2ec,RECURSIVE_TARPIT,DNA_SEQ_28E,3,0.84,SUCCESS
2026-04-09T15:44:25.502Z,bf0429aa,TRAFFIC_MIRRORING,DNA_SEQ_3D6,3,0.51,SUCCESS
2026-04-09T15:46:49.869Z,1f04e125,DB_CORRUPTION_SIM,DNA_SEQ_20C,6,0.42,SUCCESS
2026-04-09T15:48:02.156Z,bc3b57c6,BANNER_MUTATION,DNA_SEQ_612,3,0.87,PARTIAL
2026-04-09T15:49:13.524Z,45e1c490,SHADOW_NET_REDIRECT,DNA_SEQ_B24,4,0.53,SUCCESS
2026-04-09T15:50:25.980Z,d80fefb2,HONEYTOKEN_GENERATION,DNA_SEQ_FE,2,0.64,SUCCESS
2026-04-09T15:54:01.651Z,5419d0a1,ENTROPY_NOISE_INJECTION,DNA_SEQ_B8B,5,0.28,SUCCESS
2026-04-09T15:57:37.497Z,23df171c,BANNER_MUTATION,DNA_SEQ_84F,7,0.32,PARTIAL
2026-04-09T15:58:49.897Z,9ee550dd,SHADOW_NET_REDIRECT,DNA_SEQ_72F,6,0.25,SUCCESS
2026-04-09T16:00:01.586Z,07d88e7d,RECURSIVE_TARPIT,DNA_SEQ_E09,8,0.24,SUCCESS
2026-04-09T16:01:14.027Z,50e35523,SANDBOX_ISOLATION,DNA_SEQ_843,8,0.63,SUCCESS
2026-04-09T16:03:38.023Z,b5189ee5,ILLUSIONARY_FS_SYNTHESIS,DNA_SEQ_536,3,0.29,PARTIAL
2026-04-09T16:06:01.835Z,f6d664af,TRAFFIC_MIRRORING,DNA_SEQ_2C6,8,0.64,SUCCESS
2026-04-09T16:08:25.742Z,a989b545,ENTROPY_NOISE_INJECTION,DNA_SEQ_DD2,8,0.57,SUCCESS
2026-04-09T16:10:49.834Z,66466aba,HONEYTOKEN_GENERATION,DNA_SEQ_FE6,6,0.22,SUCCESS
2026-04-09T16:12:01.634Z,c73fa8a3,BANNER_MUTATION,DNA_SEQ_4D2,6,0.33,SUCCESS
2026-04-09T16:14:26.144Z,926eb45e,ILLUSIONARY_FS_SYNTHESIS,DNA_SEQ_31F,6,0.86,SUCCESS
2026-04-09T16:15:37.950Z,ea7e4292,SANDBOX_ISOLATION,DNA_SEQ_7B3,2,0.60,SUCCESS
2026-04-09T16:18:01.909Z,890386cb,TRAFFIC_MIRRORING,DNA_SEQ_E76,5,0.82,SUCCESS
2026-04-09T16:21:37.874Z,11ac1675,ILLUSIONARY_FS_SYNTHESIS,DNA_SEQ_90F,3,0.26,SUCCESS
2026-04-09T16:24:01.507Z,a239f0d4,ENTROPY_NOISE_INJECTION,DNA_SEQ_13E,5,0.49,SUCCESS
2026-04-09T16:27:38.073Z,b4ad5590,ENTROPY_NOISE_INJECTION,DNA_SEQ_7F6,6,0.12,SUCCESS
2026-04-09T16:30:01.902Z,9d17ac89,RECURSIVE_TARPIT,DNA_SEQ_CC2,3,0.20,SUCCESS
2026-04-09T16:34:49.649Z,bd26ca04,TRAFFIC_MIRRORING,DNA_SEQ_BBE,6,0.74,SUCCESS
2026-04-09T16:36:01.729Z,e71bfa35,LATENCY_MASKING,DNA_SEQ_1BC,6,0.72,PARTIAL
2026-04-09T16:37:13.757Z,94901d3d,RECURSIVE_TARPIT,DNA_SEQ_77B,3,0.75,SUCCESS
2026-04-09T16:39:38.121Z,cdcef3dc,BANNER_MUTATION,DNA_SEQ_F00,8,0.87,PARTIAL
2026-04-09T16:40:49.567Z,3e202fbb,SHADOW_NET_REDIRECT,DNA_SEQ_9,3,0.39,SUCCESS
2026-04-09T16:42:01.593Z,80095b55,RECURSIVE_TARPIT,DNA_SEQ_B34,5,0.23,SUCCESS
2026-04-09T16:43:13.640Z,54126b64,HONEYTOKEN_GENERATION,DNA_SEQ_874,3,0.55,PARTIAL
2026-04-09T16:45:38.093Z,6f488f46,BANNER_MUTATION,DNA_SEQ_872,7,0.51,SUCCESS
2026-04-09T16:46:49.651Z,f175a1ac,DB_CORRUPTION_SIM,DNA_SEQ_DCB,5,0.48,SUCCESS
2026-04-09T16:49:13.503Z,580dc2f5,LATENCY_MASKING,DNA_SEQ_510,4,0.10,SUCCESS
2026-04-09T16:50:25.850Z,b0c62069,ENTROPY_NOISE_INJECTION,DNA_SEQ_B6A,6,0.36,SUCCESS
2026-04-09T16:55:13.931Z,23c197cc,HONEYTOKEN_GENERATION,DNA_SEQ_AED,4,0.79,PARTIAL
2026-04-09T16:56:25.541Z,e45b7479,TRAFFIC_MIRRORING,DNA_SEQ_C5C,8,0.87,PARTIAL
2026-04-09T16:57:37.780Z,a31c868d,TRAFFIC_MIRRORING,DNA_SEQ_7EF,6,0.31,PARTIAL
2026-04-09T17:00:02.168Z,6ad5e1ef,SANDBOX_ISOLATION,DNA_SEQ_E9B,4,0.17,PARTIAL
2026-04-09T17:02:26.096Z,64eb27d9,LATENCY_MASKING,DNA_SEQ_EAC,7,0.54,SUCCESS
2026-04-09T17:04:49.789Z,06dbdb93,ILLUSIONARY_FS_SYNTHESIS,DNA_SEQ_56A,4,0.57,SUCCESS
2026-04-09T17:07:13.646Z,9fa3fa84,BANNER_MUTATION,DNA_SEQ_1AD,3,0.50,SUCCESS
2026-04-09T17:09:37.724Z,17835033,ILLUSIONARY_FS_SYNTHESIS,DNA_SEQ_DF5,7,0.78,SUCCESS
2026-04-09T17:12:01.755Z,ad905e7e,ENTROPY_NOISE_INJECTION,DNA_SEQ_215,4,0.17,PARTIAL
2026-04-09T17:13:13.957Z,5d2c5ec7,TRAFFIC_MIRRORING,DNA_SEQ_BB1,3,0.60,SUCCESS
2026-04-09T17:14:26.083Z,1bcffef2,HONEYTOKEN_GENERATION,DNA_SEQ_D07,2,0.25,PARTIAL
2026-04-09T17:15:37.626Z,aaf3bc96,RECURSIVE_TARPIT,DNA_SEQ_D66,6,0.53,SUCCESS
2026-04-09T17:16:49.848Z,d47ed9ee,BANNER_MUTATION,DNA_SEQ_B50,4,0.16,PARTIAL
2026-04-09T17:18:01.636Z,33c7420d,HONEYTOKEN_GENERATION,DNA_SEQ_35A,6,0.38,PARTIAL
2026-04-09T17:20:25.535Z,f9ac4113,DB_CORRUPTION_SIM,DNA_SEQ_259,8,0.67,SUCCESS
2026-04-09T17:21:37.575Z,82ef852c,LATENCY_MASKING,DNA_SEQ_F98,6,0.48,SUCCESS
2026-04-09T17:22:49.684Z,a9ff1766,HONEYTOKEN_GENERATION,DNA_SEQ_D28,3,0.48,SUCCESS
2026-04-09T17:24:01.620Z,efb4bb50,ENTROPY_NOISE_INJECTION,DNA_SEQ_D56,3,0.61,SUCCESS
2026-04-09T17:25:13.626Z,e44c6465,DB_CORRUPTION_SIM,DNA_SEQ_CB9,2,0.82,SUCCESS
2026-04-09T17:26:25.951Z,6cff67d4,ILLUSIONARY_FS_SYNTHESIS,DNA_SEQ_967,8,0.39,PARTIAL
2026-04-09T17:30:02.014Z,655b5a0f,LATENCY_MASKING,DNA_SEQ_10B,7,0.49,PARTIAL
2026-04-09T17:33:37.590Z,ef830b6a,RECURSIVE_TARPIT,DNA_SEQ_1B9,4,0.88,SUCCESS
2026-04-09T17:34:50.045Z,478ce427,SANDBOX_ISOLATION,DNA_SEQ_C3D,8,0.88,SUCCESS
2026-04-09T17:37:13.593Z,bcbb84de,BANNER_MUTATION,DNA_SEQ_DF4,3,0.58,SUCCESS
2026-04-09T17:38:26.073Z,13b9eea0,ILLUSIONARY_FS_SYNTHESIS,DNA_SEQ_DB8,7,0.69,PARTIAL
2026-04-09T17:39:37.777Z,1c7f1a2c,ENTROPY_NOISE_INJECTION,DNA_SEQ_BA0,2,0.79,SUCCESS
2026-04-09T17:40:49.731Z,41950890,HONEYTOKEN_GENERATION,DNA_SEQ_4C2,8,0.49,SUCCESS
2026-04-09T17:42:01.684Z,0793ac0a,TRAFFIC_MIRRORING,DNA_SEQ_860,4,0.51,SUCCESS
2026-04-09T17:44:26.132Z,16ced60f,DB_CORRUPTION_SIM,DNA_SEQ_B4A,6,0.55,SUCCESS
2026-04-09T17:49:13.704Z,9bb54686,SANDBOX_ISOLATION,DNA_SEQ_C41,3,0.62,PARTIAL
2026-04-09T17:50:26.031Z,c953ba0d,BANNER_MUTATION,DNA_SEQ_CF4,6,0.53,PARTIAL
2026-04-09T17:52:49.569Z,62097f6b,SHADOW_NET_REDIRECT,DNA_SEQ_A2D,4,0.23,SUCCESS
2026-04-09T17:54:01.847Z,55c35103,ENTROPY_NOISE_INJECTION,DNA_SEQ_FE2,5,0.71,SUCCESS
2026-04-09T17:55:13.543Z,8d18f433,SANDBOX_ISOLATION,DNA_SEQ_372,2,0.62,SUCCESS
2026-04-09T17:56:26.108Z,b0c5ebe4,RECURSIVE_TARPIT,DNA_SEQ_9C2,6,0.35,SUCCESS
2026-04-09T18:00:01.813Z,b9a0ebca,RECURSIVE_TARPIT,DNA_SEQ_8A1,4,0.48,SUCCESS
2026-04-09T18:01:13.961Z,0efda13f,BANNER_MUTATION,DNA_SEQ_9D2,5,0.58,SUCCESS
2026-04-09T18:03:38.015Z,9632089e,SANDBOX_ISOLATION,DNA_SEQ_328,8,0.69,PARTIAL
2026-04-09T18:04:49.817Z,c04c58f3,LATENCY_MASKING,DNA_SEQ_5F3,6,0.78,SUCCESS
2026-04-09T18:06:01.694Z,ca0874ac,SANDBOX_ISOLATION,DNA_SEQ_961,8,0.60,SUCCESS
2026-04-09T18:08:25.823Z,689933f6,ENTROPY_NOISE_INJECTION,DNA_SEQ_6C5,2,0.72,PARTIAL
2026-04-09T18:09:38.148Z,35b73f2a,TRAFFIC_MIRRORING,DNA_SEQ_7CB,2,0.61,SUCCESS
2026-04-09T18:13:14.031Z,57fac5a7,SHADOW_NET_REDIRECT,DNA_SEQ_AF0,4,0.70,SUCCESS
2026-04-09T18:14:26.104Z,d9c030a7,SANDBOX_ISOLATION,DNA_SEQ_B96,8,0.38,SUCCESS
2026-04-09T18:16:49.575Z,abd7ceb9,HONEYTOKEN_GENERATION,DNA_SEQ_B0,3,0.53,PARTIAL
2026-04-09T18:20:25.982Z,4bb09993,ILLUSIONARY_FS_SYNTHESIS,DNA_SEQ_79B,3,0.72,SUCCESS
2026-04-09T18:22:49.829Z,763c7ff4,ILLUSIONARY_FS_SYNTHESIS,DNA_SEQ_59,2,0.77,PARTIAL
2026-04-09T18:24:01.582Z,7c8d0191,RECURSIVE_TARPIT,DNA_SEQ_7AC,7,0.15,SUCCESS
2026-04-09T18:25:13.635Z,7239d5db,ENTROPY_NOISE_INJECTION,DNA_SEQ_174,8,0.61,SUCCESS
2026-04-09T18:26:26.145Z,cdb6a4e8,BANNER_MUTATION,DNA_SEQ_61,4,0.40,SUCCESS
2026-04-09T18:27:37.825Z,2a7d5634,LATENCY_MASKING,DNA_SEQ_5F9,6,0.81,SUCCESS
2026-04-09T18:28:49.640Z,9b6d8d36,DB_CORRUPTION_SIM,DNA_SEQ_E60,8,0.77,SUCCESS
2026-04-09T18:30:01.674Z,893d7fa3,TRAFFIC_MIRRORING,DNA_SEQ_8D7,2,0.33,SUCCESS
2026-04-09T18:31:14.008Z,99153ac6,SANDBOX_ISOLATION,DNA_SEQ_1B1,5,0.18,SUCCESS
2026-04-09T18:33:38.181Z,9cde49f1,ILLUSIONARY_FS_SYNTHESIS,DNA_SEQ_F73,3,0.81,SUCCESS
2026-04-09T18:36:02.123Z,82589c44,ENTROPY_NOISE_INJECTION,DNA_SEQ_53B,8,0.26,SUCCESS
2026-04-09T18:39:38.181Z,3f524e59,TRAFFIC_MIRRORING,DNA_SEQ_ABE,5,0.18,PARTIAL
2026-04-09T18:44:25.912Z,7f7f708f,SANDBOX_ISOLATION,DNA_SEQ_EDA,3,0.77,SUCCESS
2026-04-09T18:46:49.849Z,ed0223b5,SANDBOX_ISOLATION,DNA_SEQ_32F,8,0.78,SUCCESS
2026-04-09T18:50:26.132Z,8bdb61a0,HONEYTOKEN_GENERATION,DNA_SEQ_B9F,5,0.53,SUCCESS
2026-04-09T18:51:37.928Z,2f228eed,LATENCY_MASKING,DNA_SEQ_30F,6,0.90,SUCCESS
2026-04-09T18:52:49.931Z,e90cf7fd,RECURSIVE_TARPIT,DNA_SEQ_F96,2,0.87,PARTIAL
2026-04-09T18:55:13.782Z,bab34889,DB_CORRUPTION_SIM,DNA_SEQ_9D9,4,0.15,SUCCESS
2026-04-09T18:58:50.135Z,d10c6deb,ILLUSIONARY_FS_SYNTHESIS,DNA_SEQ_368,5,0.61,SUCCESS
2026-04-09T19:00:01.701Z,21de668d,ENTROPY_NOISE_INJECTION,DNA_SEQ_915,2,0.87,SUCCESS
2026-04-09T19:02:26.093Z,1ef308d8,TRAFFIC_MIRRORING,DNA_SEQ_F52,3,0.70,SUCCESS
2026-04-09T19:03:37.959Z,539031dc,HONEYTOKEN_GENERATION,DNA_SEQ_92C,5,0.31,SUCCESS
2026-04-09T19:04:50.165Z,58269cb7,TRAFFIC_MIRRORING,DNA_SEQ_2E8,5,0.81,SUCCESS
2026-04-09T19:06:02.086Z,7771f2b4,SANDBOX_ISOLATION,DNA_SEQ_8EF,2,0.89,SUCCESS
2026-04-09T19:07:14.076Z,ae7a5d56,RECURSIVE_TARPIT,DNA_SEQ_E6,5,0.46,SUCCESS
2026-04-09T19:09:37.598Z,d66eef4f,RECURSIVE_TARPIT,DNA_SEQ_C89,8,0.51,SUCCESS
2026-04-09T19:10:49.924Z,bd2beaad,TRAFFIC_MIRRORING,DNA_SEQ_404,4,0.63,PARTIAL
2026-04-09T19:12:01.760Z,565c18d9,RECURSIVE_TARPIT,DNA_SEQ_3C7,4,0.11,PARTIAL
2026-04-09T19:14:25.814Z,fe89fab6,RECURSIVE_TARPIT,DNA_SEQ_DDC,2,0.19,SUCCESS
2026-04-09T19:15:37.543Z,1a1d721d,RECURSIVE_TARPIT,DNA_SEQ_C7C,6,0.85,SUCCESS
2026-04-09T19:16:50.078Z,e355533c,TRAFFIC_MIRRORING,DNA_SEQ_E55,5,0.34,SUCCESS
2026-04-09T19:18:01.538Z,5e1c73bb,RECURSIVE_TARPIT,DNA_SEQ_2FF,5,0.14,SUCCESS
2026-04-09T19:20:26.081Z,0a6ce862,ENTROPY_NOISE_INJECTION,DNA_SEQ_5DE,5,0.50,SUCCESS
2026-04-09T19:21:37.714Z,c55a9dce,TRAFFIC_MIRRORING,DNA_SEQ_BA3,6,0.70,SUCCESS
2026-04-09T19:24:02.180Z,259e3b50,RECURSIVE_TARPIT,DNA_SEQ_6C,3,0.89,SUCCESS
2026-04-09T19:26:25.667Z,50add152,LATENCY_MASKING,DNA_SEQ_1D0,5,0.58,SUCCESS
2026-04-09T19:27:37.905Z,de1447a4,SANDBOX_ISOLATION,DNA_SEQ_396,6,0.72,SUCCESS
2026-04-09T19:28:49.811Z,8c724a46,DB_CORRUPTION_SIM,DNA_SEQ_339,2,0.39,SUCCESS
2026-04-09T19:30:01.492Z,49389ce9,HONEYTOKEN_GENERATION,DNA_SEQ_49A,2,0.77,SUCCESS
2026-04-09T19:34:50.027Z,2e6ba75c,SANDBOX_ISOLATION,DNA_SEQ_E0D,5,0.55,SUCCESS
2026-04-09T19:37:13.808Z,bb75de2f,LATENCY_MASKING,DNA_SEQ_3A2,7,0.12,SUCCESS
2026-04-09T19:40:49.500Z,7e2ba7c1,SHADOW_NET_REDIRECT,DNA_SEQ_2FB,7,0.79,SUCCESS
2026-04-09T19:42:02.183Z,75080fef,TRAFFIC_MIRRORING,DNA_SEQ_110,3,0.15,SUCCESS
2026-04-09T19:45:37.834Z,cbf9986d,RECURSIVE_TARPIT,DNA_SEQ_5F7,6,0.22,SUCCESS
2026-04-09T19:46:50.158Z,73a75454,BANNER_MUTATION,DNA_SEQ_2CA,4,0.26,SUCCESS
2026-04-09T19:49:13.748Z,9324a2db,TRAFFIC_MIRRORING,DNA_SEQ_23,8,0.71,PARTIAL
2026-04-09T19:54:02.124Z,4186d2a2,BANNER_MUTATION,DNA_SEQ_B44,5,0.43,SUCCESS
2026-04-09T19:58:49.600Z,ea367894,HONEYTOKEN_GENERATION,DNA_SEQ_6F5,2,0.16,PARTIAL
2026-04-09T20:00:02.071Z,8548cd33,SANDBOX_ISOLATION,DNA_SEQ_3EE,6,0.26,SUCCESS
2026-04-09T20:04:49.750Z,c1654c01,TRAFFIC_MIRRORING,DNA_SEQ_551,8,0.18,SUCCESS
2026-04-09T20:06:01.840Z,386f7c29,LATENCY_MASKING,DNA_SEQ_D66,4,0.63,SUCCESS
2026-04-09T20:07:13.488Z,af8c3d8f,BANNER_MUTATION,DNA_SEQ_88E,5,0.16,SUCCESS
2026-04-09T20:08:25.543Z,6756652b,LATENCY_MASKING,DNA_SEQ_4D1,4,0.51,SUCCESS
2026-04-09T20:09:37.774Z,a2eba23e,ILLUSIONARY_FS_SYNTHESIS,DNA_SEQ_B90,5,0.73,SUCCESS
2026-04-09T20:16:50.152Z,955f662b,HONEYTOKEN_GENERATION,DNA_SEQ_918,6,0.37,SUCCESS
2026-04-09T20:19:13.600Z,6327d75c,ILLUSIONARY_FS_SYNTHESIS,DNA_SEQ_1EA,2,0.83,PARTIAL
2026-04-09T20:24:01.590Z,e39a3e8f,LATENCY_MASKING,DNA_SEQ_75A,7,0.33,SUCCESS
2026-04-09T20:25:13.685Z,503eb314,ILLUSIONARY_FS_SYNTHESIS,DNA_SEQ_ED3,5,0.28,SUCCESS
2026-04-09T20:27:37.574Z,5f9324e7,TRAFFIC_MIRRORING,DNA_SEQ_F1D,8,0.78,SUCCESS
2026-04-09T20:28:49.925Z,a098165c,RECURSIVE_TARPIT,DNA_SEQ_D97,5,0.44,SUCCESS
2026-04-09T20:31:14.177Z,8eb0b56a,TRAFFIC_MIRRORING,DNA_SEQ_D6B,5,0.74,SUCCESS
2026-04-09T20:32:25.889Z,9d25db55,BANNER_MUTATION,DNA_SEQ_4F2,4,0.74,PARTIAL
2026-04-09T20:34:49.816Z,211bb059,BANNER_MUTATION,DNA_SEQ_DA5,6,0.67,PARTIAL
2026-04-09T20:36:02.063Z,bd645a82,HONEYTOKEN_GENERATION,DNA_SEQ_A84,6,0.16,SUCCESS
2026-04-09T20:37:13.745Z,d37edfd2,ENTROPY_NOISE_INJECTION,DNA_SEQ_6EE,8,0.58,SUCCESS
2026-04-09T20:39:37.775Z,b1899c7f,DB_CORRUPTION_SIM,DNA_SEQ_B5C,8,0.71,SUCCESS
2026-04-09T20:40:49.748Z,f6736966,HONEYTOKEN_GENERATION,DNA_SEQ_F52,7,0.53,SUCCESS
2026-04-09T20:42:02.180Z,a8175706,RECURSIVE_TARPIT,DNA_SEQ_EC6,8,0.13,SUCCESS
2026-04-09T20:43:14.187Z,97e5995e,HONEYTOKEN_GENERATION,DNA_SEQ_52E,3,0.42,PARTIAL
2026-04-09T20:44:25.769Z,17a4c41a,ILLUSIONARY_FS_SYNTHESIS,DNA_SEQ_8EE,2,0.88,SUCCESS
2026-04-09T20:45:37.620Z,49f1734b,RECURSIVE_TARPIT,DNA_SEQ_A3,3,0.83,PARTIAL
2026-04-09T20:46:49.625Z,c5f8553c,SHADOW_NET_REDIRECT,DNA_SEQ_7E1,5,0.34,SUCCESS
2026-04-09T20:49:13.612Z,fff6f0a6,LATENCY_MASKING,DNA_SEQ_A7D,2,0.56,SUCCESS
2026-04-09T20:50:26.100Z,271a3c76,BANNER_MUTATION,DNA_SEQ_FE4,8,0.42,PARTIAL
2026-04-09T20:51:38.129Z,b773e44c,BANNER_MUTATION,DNA_SEQ_50A,7,0.47,SUCCESS
2026-04-09T20:52:49.794Z,9f00641a,ILLUSIONARY_FS_SYNTHESIS,DNA_SEQ_492,5,0.64,SUCCESS
2026-04-09T20:54:01.853Z,f37ce878,LATENCY_MASKING,DNA_SEQ_817,2,0.11,PARTIAL
2026-04-09T20:57:38.043Z,6fd96d29,RECURSIVE_TARPIT,DNA_SEQ_B18,3,0.79,PARTIAL
2026-04-09T20:58:49.627Z,1b07df4f,RECURSIVE_TARPIT,DNA_SEQ_D96,2,0.15,SUCCESS
2026-04-09T21:02:25.742Z,9730ecc9,TRAFFIC_MIRRORING,DNA_SEQ_33A,8,0.42,SUCCESS
2026-04-09T21:06:02.129Z,fda1886a,TRAFFIC_MIRRORING,DNA_SEQ_C12,5,0.12,SUCCESS
2026-04-09T21:08:25.797Z,9d58a941,SHADOW_NET_REDIRECT,DNA_SEQ_4B6,6,0.62,SUCCESS
2026-04-09T21:09:37.567Z,a512efba,BANNER_MUTATION,DNA_SEQ_71F,5,0.61,SUCCESS
2026-04-09T21:12:01.878Z,5ce259c5,HONEYTOKEN_GENERATION,DNA_SEQ_917,4,0.13,SUCCESS
2026-04-09T21:15:38.177Z,92ce6020,HONEYTOKEN_GENERATION,DNA_SEQ_4FF,2,0.85,PARTIAL
2026-04-09T21:16:50.068Z,596955dc,ILLUSIONARY_FS_SYNTHESIS,DNA_SEQ_E7C,4,0.47,SUCCESS
2026-04-09T21:18:01.657Z,64967a94,ENTROPY_NOISE_INJECTION,DNA_SEQ_737,8,0.30,SUCCESS
2026-04-09T21:19:13.666Z,66e9c7fb,SHADOW_NET_REDIRECT,DNA_SEQ_7B4,3,0.17,SUCCESS
2026-04-09T21:20:25.747Z,b74b579c,BANNER_MUTATION,DNA_SEQ_552,2,0.56,PARTIAL
2026-04-09T21:21:37.901Z,6156d82e,ILLUSIONARY_FS_SYNTHESIS,DNA_SEQ_137,3,0.23,SUCCESS
2026-04-09T21:24:01.714Z,aabd3923,TRAFFIC_MIRRORING,DNA_SEQ_60C,4,0.49,SUCCESS
2026-04-09T21:25:13.725Z,af608084,LATENCY_MASKING,DNA_SEQ_4,5,0.77,PARTIAL
2026-04-09T21:26:26.115Z,ada88eb3,SANDBOX_ISOLATION,DNA_SEQ_FE8,5,0.74,SUCCESS
2026-04-09T21:27:38.010Z,94978d86,ENTROPY_NOISE_INJECTION,DNA_SEQ_F2B,6,0.48,SUCCESS
2026-04-09T21:28:50.035Z,942ec938,BANNER_MUTATION,DNA_SEQ_D3,5,0.55,SUCCESS
2026-04-09T21:32:25.930Z,421c3f82,TRAFFIC_MIRRORING,DNA_SEQ_8A9,8,0.84,PARTIAL
2026-04-09T21:33:37.921Z,4dcee46e,TRAFFIC_MIRRORING,DNA_SEQ_73,6,0.62,SUCCESS
2026-04-09T21:34:49.513Z,798c4bed,ILLUSIONARY_FS_SYNTHESIS,DNA_SEQ_316,4,0.84,SUCCESS
2026-04-09T21:38:26.086Z,a38e920a,DB_CORRUPTION_SIM,DNA_SEQ_9D8,6,0.17,SUCCESS
2026-04-09T21:39:37.503Z,c3ba2cff,SANDBOX_ISOLATION,DNA_SEQ_BDF,3,0.42,SUCCESS
2026-04-09T21:43:13.685Z,e55362d4,DB_CORRUPTION_SIM,DNA_SEQ_CA8,6,0.82,SUCCESS
2026-04-09T21:46:49.728Z,554a29d6,SHADOW_NET_REDIRECT,DNA_SEQ_8B2,3,0.12,SUCCESS
2026-04-09T21:48:01.722Z,a08b5301,TRAFFIC_MIRRORING,DNA_SEQ_81C,3,0.32,SUCCESS
2026-04-09T21:50:25.600Z,dee2ea18,LATENCY_MASKING,DNA_SEQ_68A,6,0.45,SUCCESS
2026-04-09T21:51:38.070Z,a05986fd,DB_CORRUPTION_SIM,DNA_SEQ_EF7,2,0.15,SUCCESS
2026-04-09T21:52:49.925Z,866ff7dd,SANDBOX_ISOLATION,DNA_SEQ_385,6,0.79,SUCCESS
2026-04-09T21:54:01.791Z,8f1a20fa,HONEYTOKEN_GENERATION,DNA_SEQ_911,3,0.76,PARTIAL
2026-04-09T21:55:13.951Z,4950c1ce,LATENCY_MASKING,DNA_SEQ_9B1,3,0.60,PARTIAL
2026-04-09T21:57:37.919Z,86fceafb,ENTROPY_NOISE_INJECTION,DNA_SEQ_C53,2,0.76,SUCCESS
2026-04-09T21:58:49.526Z,b5415b8d,RECURSIVE_TARPIT,DNA_SEQ_CA8,5,0.40,SUCCESS
2026-04-09T22:01:13.593Z,6f11a2e6,HONEYTOKEN_GENERATION,DNA_SEQ_D1A,3,0.16,SUCCESS
2026-04-09T22:02:25.880Z,00bb0189,TRAFFIC_MIRRORING,DNA_SEQ_EAC,3,0.52,PARTIAL
2026-04-09T22:03:37.566Z,bb94bda9,ILLUSIONARY_FS_SYNTHESIS,DNA_SEQ_D44,2,0.73,SUCCESS
2026-04-09T22:06:01.760Z,9bdcceda,ILLUSIONARY_FS_SYNTHESIS,DNA_SEQ_34,7,0.74,SUCCESS
2026-04-09T22:07:13.499Z,79853e13,DB_CORRUPTION_SIM,DNA_SEQ_F9B,2,0.12,SUCCESS
2026-04-09T22:08:25.577Z,3f960313,SHADOW_NET_REDIRECT,DNA_SEQ_80E,6,0.16,SUCCESS
2026-04-09T22:10:49.842Z,da576d08,RECURSIVE_TARPIT,DNA_SEQ_4E0,7,0.62,SUCCESS
2026-04-09T22:12:01.614Z,509d9499,BANNER_MUTATION,DNA_SEQ_188,4,0.24,PARTIAL
2026-04-09T22:14:25.757Z,b5f60076,BANNER_MUTATION,DNA_SEQ_AA3,5,0.52,PARTIAL
2026-04-09T22:15:37.833Z,d5928b0c,DB_CORRUPTION_SIM,DNA_SEQ_C14,7,0.56,SUCCESS
2026-04-09T22:16:50.151Z,83f7e3b2,TRAFFIC_MIRRORING,DNA_SEQ_2D2,8,0.34,SUCCESS
2026-04-09T22:18:02.021Z,830b947d,ILLUSIONARY_FS_SYNTHESIS,DNA_SEQ_6EA,4,0.60,SUCCESS
2026-04-09T22:19:13.875Z,11f82574,BANNER_MUTATION,DNA_SEQ_4D4,8,0.61,SUCCESS
2026-04-09T22:21:38.085Z,a25c39ea,ILLUSIONARY_FS_SYNTHESIS,DNA_SEQ_BE8,4,0.86,SUCCESS
2026-04-09T22:22:49.872Z,3e384108,LATENCY_MASKING,DNA_SEQ_FB0,3,0.39,SUCCESS
2026-04-09T22:24:02.169Z,82bcd378,ENTROPY_NOISE_INJECTION,DNA_SEQ_C5F,2,0.56,SUCCESS
2026-04-09T22:25:13.691Z,2478f311,HONEYTOKEN_GENERATION,DNA_SEQ_8E8,3,0.13,SUCCESS
2026-04-09T22:26:25.554Z,ec423f64,SHADOW_NET_REDIRECT,DNA_SEQ_3,3,0.31,SUCCESS
2026-04-09T22:27:37.733Z,c5939412,HONEYTOKEN_GENERATION,DNA_SEQ_86D,3,0.24,SUCCESS
2026-04-09T22:30:01.660Z,9523bf2f,LATENCY_MASKING,DNA_SEQ_E34,6,0.85,SUCCESS
2026-04-09T22:31:13.951Z,0fb1ec2a,HONEYTOKEN_GENERATION,DNA_SEQ_1CC,4,0.51,PARTIAL
2026-04-09T22:32:25.622Z,0ed2f872,SANDBOX_ISOLATION,DNA_SEQ_196,2,0.70,SUCCESS
2026-04-09T22:33:37.756Z,a75c9803,ILLUSIONARY_FS_SYNTHESIS,DNA_SEQ_CAC,8,0.51,SUCCESS
2026-04-09T22:39:37.605Z,1a4ec215,SANDBOX_ISOLATION,DNA_SEQ_71B,5,0.72,PARTIAL
2026-04-09T22:42:01.902Z,edd5b6e1,ILLUSIONARY_FS_SYNTHESIS,DNA_SEQ_CC6,4,0.48,SUCCESS
2026-04-09T22:43:13.736Z,63f9a12e,LATENCY_MASKING,DNA_SEQ_AE5,2,0.50,SUCCESS
2026-04-09T22:46:49.604Z,f3c7a3dd,TRAFFIC_MIRRORING,DNA_SEQ_A55,2,0.61,SUCCESS
2026-04-09T22:48:01.582Z,9a8b2443,DB_CORRUPTION_SIM,DNA_SEQ_66B,5,0.55,SUCCESS
2026-04-09T22:49:14.139Z,c75ae274,SANDBOX_ISOLATION,DNA_SEQ_540,6,0.22,SUCCESS
2026-04-09T22:50:26.187Z,9a0673fb,RECURSIVE_TARPIT,DNA_SEQ_C0D,3,0.42,PARTIAL
2026-04-09T22:54:01.646Z,87d72ba0,SANDBOX_ISOLATION,DNA_SEQ_D4E,7,0.42,SUCCESS
2026-04-09T22:55:13.576Z,4549ec7d,ILLUSIONARY_FS_SYNTHESIS,DNA_SEQ_8E1,4,0.84,SUCCESS
2026-04-09T22:56:26.152Z,128e817f,LATENCY_MASKING,DNA_SEQ_242,8,0.57,SUCCESS
2026-04-09T22:57:37.769Z,66ed4c01,HONEYTOKEN_GENERATION,DNA_SEQ_9A6,4,0.51,SUCCESS
2026-04-09T22:58:49.899Z,2de011a3,HONEYTOKEN_GENERATION,DNA_SEQ_456,3,0.73,SUCCESS
2026-04-09T23:01:13.820Z,6fa41f25,RECURSIVE_TARPIT,DNA_SEQ_FD1,8,0.53,SUCCESS
2026-04-09T23:03:37.722Z,b3f66049,LATENCY_MASKING,DNA_SEQ_5A,2,0.74,SUCCESS
2026-04-09T23:04:50.028Z,d6ecc429,TRAFFIC_MIRRORING,DNA_SEQ_A3F,2,0.87,SUCCESS
2026-04-09T23:06:01.578Z,e2953105,SANDBOX_ISOLATION,DNA_SEQ_54A,7,0.51,SUCCESS
2026-04-09T23:07:13.696Z,6b9cb7a9,ILLUSIONARY_FS_SYNTHESIS,DNA_SEQ_5BD,7,0.28,SUCCESS
2026-04-09T23:09:37.723Z,f34ecb15,RECURSIVE_TARPIT,DNA_SEQ_1D7,5,0.13,SUCCESS
2026-04-09T23:13:13.509Z,3d4caa14,DB_CORRUPTION_SIM,DNA_SEQ_84E,7,0.61,SUCCESS
2026-04-09T23:16:49.493Z,e8847d1f,BANNER_MUTATION,DNA_SEQ_A8,4,0.32,SUCCESS
2026-04-09T23:18:01.978Z,613a27ab,BANNER_MUTATION,DNA_SEQ_3D6,8,0.66,PARTIAL
2026-04-09T23:20:25.631Z,ee22250e,HONEYTOKEN_GENERATION,DNA_SEQ_E3,7,0.73,SUCCESS
2026-04-09T23:22:49.800Z,bebee2d1,RECURSIVE_TARPIT,DNA_SEQ_752,2,0.45,SUCCESS
2026-04-09T23:24:01.541Z,75b296b1,ILLUSIONARY_FS_SYNTHESIS,DNA_SEQ_EF0,7,0.77,SUCCESS
2026-04-09T23:25:13.812Z,36064598,RECURSIVE_TARPIT,DNA_SEQ_401,5,0.21,SUCCESS
2026-04-09T23:27:37.987Z,da03255d,RECURSIVE_TARPIT,DNA_SEQ_68C,5,0.88,SUCCESS
2026-04-09T23:28:49.707Z,b9548aaf,RECURSIVE_TARPIT,DNA_SEQ_9E2,5,0.64,PARTIAL
2026-04-09T23:30:01.999Z,5f48a7f9,SANDBOX_ISOLATION,DNA_SEQ_724,4,0.64,SUCCESS
2026-04-09T23:31:13.632Z,af06bd22,LATENCY_MASKING,DNA_SEQ_EEA,7,0.17,SUCCESS
2026-04-09T23:33:38.117Z,3fcc4033,LATENCY_MASKING,DNA_SEQ_53,2,0.86,SUCCESS
2026-04-09T23:34:49.694Z,b6b940b9,BANNER_MUTATION,DNA_SEQ_B70,7,0.87,SUCCESS
2026-04-09T23:36:01.909Z,adf323ec,ENTROPY_NOISE_INJECTION,DNA_SEQ_50A,2,0.44,PARTIAL
2026-04-09T23:37:13.999Z,59f5c3a8,RECURSIVE_TARPIT,DNA_SEQ_C62,5,0.62,SUCCESS
2026-04-09T23:39:37.782Z,9655b73a,TRAFFIC_MIRRORING,DNA_SEQ_313,4,0.22,SUCCESS
2026-04-09T23:42:01.892Z,a502b444,HONEYTOKEN_GENERATION,DNA_SEQ_6A0,4,0.75,SUCCESS
2026-04-09T23:43:13.905Z,6a55f92f,HONEYTOKEN_GENERATION,DNA_SEQ_E16,7,0.40,PARTIAL
2026-04-09T23:44:25.724Z,08186904,HONEYTOKEN_GENERATION,DNA_SEQ_271,5,0.28,SUCCESS
2026-04-09T23:45:37.685Z,3387bc16,ILLUSIONARY_FS_SYNTHESIS,DNA_SEQ_543,6,0.22,SUCCESS
2026-04-09T23:49:13.835Z,9ca048c4,TRAFFIC_MIRRORING,DNA_SEQ_74D,5,0.55,SUCCESS
2026-04-09T23:51:37.651Z,a104efd5,ILLUSIONARY_FS_SYNTHESIS,DNA_SEQ_8C2,6,0.76,SUCCESS
2026-04-09T23:52:49.791Z,af10cd44,BANNER_MUTATION,DNA_SEQ_A81,6,0.29,SUCCESS
2026-04-09T23:54:01.666Z,9f7a0986,TRAFFIC_MIRRORING,DNA_SEQ_472,3,0.88,SUCCESS
2026-04-09T23:55:13.887Z,a4ce0999,DB_CORRUPTION_SIM,DNA_SEQ_34D,4,0.66,SUCCESS
2026-04-09T23:57:37.683Z,2f25e73b,SANDBOX_ISOLATION,DNA_SEQ_116,7,0.81,PARTIAL
2026-04-10T00:01:13.930Z,49b74ca0,BANNER_MUTATION,DNA_SEQ_358,4,0.34,SUCCESS
2026-04-10T00:02:25.609Z,5beae606,LATENCY_MASKING,DNA_SEQ_956,7,0.20,SUCCESS
2026-04-10T00:06:02.043Z,c6e2859e,ILLUSIONARY_FS_SYNTHESIS,DNA_SEQ_20F,3,0.22,SUCCESS
2026-04-10T00:08:25.543Z,2e30ba5e,HONEYTOKEN_GENERATION,DNA_SEQ_4A6,8,0.23,SUCCESS
2026-04-10T00:09:37.722Z,bed21e8b,BANNER_MUTATION,DNA_SEQ_6A1,5,0.76,SUCCESS
2026-04-10T00:12:01.917Z,d1888458,SANDBOX_ISOLATION,DNA_SEQ_107,2,0.38,SUCCESS
2026-04-10T00:13:13.967Z,993935fe,RECURSIVE_TARPIT,DNA_SEQ_620,2,0.60,SUCCESS
2026-04-10T00:15:38.042Z,f65900a6,RECURSIVE_TARPIT,DNA_SEQ_D5,4,0.24,SUCCESS
2026-04-10T00:18:02.023Z,00a27051,SHADOW_NET_REDIRECT,DNA_SEQ_176,2,0.68,PARTIAL
2026-04-10T00:19:13.898Z,9e68a200,BANNER_MUTATION,DNA_SEQ_D17,8,0.23,SUCCESS
2026-04-10T00:21:37.727Z,6b871239,ENTROPY_NOISE_INJECTION,DNA_SEQ_54A,8,0.40,SUCCESS
2026-04-10T00:24:01.965Z,16df3fe2,ENTROPY_NOISE_INJECTION,DNA_SEQ_8CF,3,0.89,SUCCESS
2026-04-10T00:25:14.028Z,44312d12,SANDBOX_ISOLATION,DNA_SEQ_6D6,3,0.89,SUCCESS
2026-04-10T00:26:25.973Z,0b2d3d73,ENTROPY_NOISE_INJECTION,DNA_SEQ_952,4,0.51,SUCCESS
2026-04-10T00:27:37.716Z,b25f9b49,BANNER_MUTATION,DNA_SEQ_857,6,0.40,SUCCESS
2026-04-10T00:31:13.575Z,b46d94b4,BANNER_MUTATION,DNA_SEQ_834,6,0.50,SUCCESS
2026-04-10T00:33:37.999Z,e1fe166c,SHADOW_NET_REDIRECT,DNA_SEQ_F3C,8,0.29,SUCCESS
2026-04-10T00:34:50.173Z,795258c5,BANNER_MUTATION,DNA_SEQ_DFC,2,0.71,PARTIAL
2026-04-10T00:40:49.658Z,9632659b,BANNER_MUTATION,DNA_SEQ_1F9,8,0.72,SUCCESS
2026-04-10T00:42:01.775Z,089737e8,HONEYTOKEN_GENERATION,DNA_SEQ_478,4,0.46,SUCCESS
2026-04-10T00:43:13.506Z,67465e07,DB_CORRUPTION_SIM,DNA_SEQ_E71,2,0.13,SUCCESS
2026-04-10T00:44:25.593Z,877e0795,DB_CORRUPTION_SIM,DNA_SEQ_3F5,7,0.52,SUCCESS
2026-04-10T00:45:37.828Z,cd517194,SHADOW_NET_REDIRECT,DNA_SEQ_1D1,6,0.79,SUCCESS
2026-04-10T00:46:49.764Z,e1bd86d5,ILLUSIONARY_FS_SYNTHESIS,DNA_SEQ_F46,4,0.42,SUCCESS
2026-04-10T00:50:25.702Z,b16e3960,SANDBOX_ISOLATION,DNA_SEQ_7DE,2,0.19,PARTIAL
2026-04-10T00:51:37.533Z,a9737a13,SHADOW_NET_REDIRECT,DNA_SEQ_4C4,5,0.40,SUCCESS
2026-04-10T00:52:49.686Z,9c3ee4ac,DB_CORRUPTION_SIM,DNA_SEQ_B6D,5,0.66,SUCCESS
2026-04-10T00:54:01.831Z,abd9b43e,RECURSIVE_TARPIT,DNA_SEQ_E1F,5,0.16,PARTIAL
2026-04-10T00:55:13.688Z,fa2d3651,ILLUSIONARY_FS_SYNTHESIS,DNA_SEQ_98,5,0.55,SUCCESS
2026-04-10T00:56:25.699Z,3eed2bb1,SHADOW_NET_REDIRECT,DNA_SEQ_D89,2,0.79,PARTIAL
2026-04-10T01:00:01.955Z,a6f1b7b4,LATENCY_MASKING,DNA_SEQ_544,8,0.79,SUCCESS
2026-04-10T01:01:13.499Z,a50b6614,HONEYTOKEN_GENERATION,DNA_SEQ_74E,8,0.88,PARTIAL
2026-04-10T01:02:25.751Z,127b6141,DB_CORRUPTION_SIM,DNA_SEQ_F03,7,0.48,SUCCESS
2026-04-10T01:03:37.796Z,1e4600ac,SANDBOX_ISOLATION,DNA_SEQ_98E,2,0.26,SUCCESS
2026-04-10T01:06:01.893Z,48032e8d,TRAFFIC_MIRRORING,DNA_SEQ_D86,4,0.23,SUCCESS
2026-04-10T01:07:13.862Z,c7780f09,SHADOW_NET_REDIRECT,DNA_SEQ_D76,5,0.19,SUCCESS
2026-04-10T01:10:49.929Z,dd4d0462,LATENCY_MASKING,DNA_SEQ_6CD,3,0.76,PARTIAL
2026-04-10T01:13:13.823Z,81d189c2,TRAFFIC_MIRRORING,DNA_SEQ_9D8,2,0.11,SUCCESS
2026-04-10T01:14:25.640Z,d4179352,HONEYTOKEN_GENERATION,DNA_SEQ_DF1,7,0.15,SUCCESS
2026-04-10T01:15:38.003Z,1aa6ffc4,SHADOW_NET_REDIRECT,DNA_SEQ_EA0,5,0.83,SUCCESS
2026-04-10T01:16:50.169Z,9c80c74f,RECURSIVE_TARPIT,DNA_SEQ_132,8,0.38,SUCCESS
2026-04-10T01:18:01.521Z,16cbd16c,SHADOW_NET_REDIRECT,DNA_SEQ_F8D,6,0.41,PARTIAL
2026-04-10T01:19:14.180Z,0c25b5aa,HONEYTOKEN_GENERATION,DNA_SEQ_563,4,0.45,SUCCESS
2026-04-10T01:21:37.967Z,cd9bd433,HONEYTOKEN_GENERATION,DNA_SEQ_532,5,0.83,SUCCESS
2026-04-10T01:22:49.987Z,ac7a06fd,SHADOW_NET_REDIRECT,DNA_SEQ_C7D,3,0.59,PARTIAL
2026-04-10T01:24:01.706Z,1e8b210b,BANNER_MUTATION,DNA_SEQ_40D,2,0.37,SUCCESS
2026-04-10T01:30:01.891Z,70d3fa3c,RECURSIVE_TARPIT,DNA_SEQ_87E,4,0.13,SUCCESS
2026-04-10T01:31:13.891Z,646639b8,HONEYTOKEN_GENERATION,DNA_SEQ_D15,6,0.32,SUCCESS
2026-04-10T01:33:37.929Z,b489e213,ILLUSIONARY_FS_SYNTHESIS,DNA_SEQ_E45,7,0.41,SUCCESS
2026-04-10T01:34:50.166Z,2734942f,RECURSIVE_TARPIT,DNA_SEQ_437,5,0.54,PARTIAL
2026-04-10T01:39:37.692Z,e6f5b126,SHADOW_NET_REDIRECT,DNA_SEQ_18,6,0.83,SUCCESS
2026-04-10T01:40:49.731Z,53c7f45c,LATENCY_MASKING,DNA_SEQ_DD3,4,0.79,SUCCESS
2026-04-10T01:42:01.730Z,6c489a49,SHADOW_NET_REDIRECT,DNA_SEQ_F79,8,0.37,PARTIAL
2026-04-10T01:43:13.878Z,aead5907,SHADOW_NET_REDIRECT,DNA_SEQ_CF,5,0.90,SUCCESS
2026-04-10T01:45:38.159Z,32237651,RECURSIVE_TARPIT,DNA_SEQ_4E0,8,0.33,SUCCESS
2026-04-10T01:46:49.718Z,62f7c9d3,RECURSIVE_TARPIT,DNA_SEQ_777,3,0.36,SUCCESS
2026-04-10T01:51:37.728Z,d26e638a,BANNER_MUTATION,DNA_SEQ_39B,6,0.56,SUCCESS
2026-04-10T01:54:02.009Z,6b0a3ce5,DB_CORRUPTION_SIM,DNA_SEQ_521,8,0.47,SUCCESS
2026-04-10T01:56:25.676Z,2e00bd72,RECURSIVE_TARPIT,DNA_SEQ_725,5,0.68,SUCCESS
2026-04-10T01:58:49.530Z,941ef4ce,SHADOW_NET_REDIRECT,DNA_SEQ_15F,3,0.59,PARTIAL
2026-04-10T02:00:02.066Z,731bf5f7,SANDBOX_ISOLATION,DNA_SEQ_2D,7,0.73,SUCCESS
2026-04-10T02:02:25.642Z,bf731483,SHADOW_NET_REDIRECT,DNA_SEQ_2FB,3,0.35,PARTIAL
2026-04-10T02:06:01.613Z,5808c7e5,DB_CORRUPTION_SIM,DNA_SEQ_BA4,2,0.57,SUCCESS
2026-04-10T02:08:26.147Z,baab1f07,LATENCY_MASKING,DNA_SEQ_238,3,0.27,PARTIAL
2026-04-10T02:09:37.965Z,ebdcf3e0,SANDBOX_ISOLATION,DNA_SEQ_87C,6,0.75,SUCCESS
2026-04-10T02:10:49.799Z,dc213afa,ENTROPY_NOISE_INJECTION,DNA_SEQ_8A9,8,0.34,SUCCESS
2026-04-10T02:12:01.859Z,06f3492e,BANNER_MUTATION,DNA_SEQ_75,3,0.88,SUCCESS
2026-04-10T02:14:25.622Z,27531418,TRAFFIC_MIRRORING,DNA_SEQ_546,3,0.65,PARTIAL
2026-04-10T02:18:01.685Z,84a1c876,BANNER_MUTATION,DNA_SEQ_606,7,0.70,SUCCESS
2026-04-10T02:19:13.581Z,afec2ce1,HONEYTOKEN_GENERATION,DNA_SEQ_26D,5,0.27,SUCCESS
2026-04-10T02:20:25.719Z,96a5e006,SHADOW_NET_REDIRECT,DNA_SEQ_3C9,8,0.25,PARTIAL
2026-04-10T02:22:49.911Z,516046f0,DB_CORRUPTION_SIM,DNA_SEQ_C6,2,0.65,SUCCESS
2026-04-10T02:24:01.560Z,6e35e12e,ILLUSIONARY_FS_SYNTHESIS,DNA_SEQ_97C,5,0.49,PARTIAL
2026-04-10T02:25:13.536Z,249837f3,ENTROPY_NOISE_INJECTION,DNA_SEQ_FA5,6,0.52,SUCCESS
2026-04-10T02:26:25.741Z,167803b1,RECURSIVE_TARPIT,DNA_SEQ_6E2,5,0.10,SUCCESS
2026-04-10T02:27:37.987Z,b38d17d1,DB_CORRUPTION_SIM,DNA_SEQ_635,2,0.83,SUCCESS
2026-04-10T02:28:50.120Z,a70ad4df,HONEYTOKEN_GENERATION,DNA_SEQ_C53,2,0.62,SUCCESS
2026-04-10T02:32:25.743Z,ba26d734,ENTROPY_NOISE_INJECTION,DNA_SEQ_9C5,6,0.63,SUCCESS
2026-04-10T02:33:37.953Z,7f3e263d,SANDBOX_ISOLATION,DNA_SEQ_280,7,0.45,SUCCESS
2026-04-10T02:34:49.916Z,a878bd09,ILLUSIONARY_FS_SYNTHESIS,DNA_SEQ_997,8,0.11,SUCCESS
2026-04-10T02:36:01.519Z,fa19c626,SHADOW_NET_REDIRECT,DNA_SEQ_E5E,8,0.41,SUCCESS
2026-04-10T02:38:25.591Z,53117f2d,LATENCY_MASKING,DNA_SEQ_E28,4,0.30,SUCCESS
2026-04-10T02:39:37.669Z,cdb5c59b,LATENCY_MASKING,DNA_SEQ_D93,4,0.67,PARTIAL
2026-04-10T02:40:49.822Z,b45f45d5,SANDBOX_ISOLATION,DNA_SEQ_B61,5,0.26,SUCCESS
2026-04-10T02:43:13.539Z,93c57b0d,RECURSIVE_TARPIT,DNA_SEQ_B73,5,0.43,SUCCESS
2026-04-10T02:44:26.107Z,66bf64c0,HONEYTOKEN_GENERATION,DNA_SEQ_432,3,0.27,SUCCESS
2026-04-10T02:46:49.651Z,52eb2601,BANNER_MUTATION,DNA_SEQ_2E6,8,0.35,SUCCESS
2026-04-10T02:54:01.506Z,f51acbce,ENTROPY_NOISE_INJECTION,DNA_SEQ_E4A,6,0.75,PARTIAL
2026-04-10T02:55:14.151Z,98fa03fc,LATENCY_MASKING,DNA_SEQ_D3B,4,0.27,SUCCESS
2026-04-10T02:57:37.515Z,932ee984,ENTROPY_NOISE_INJECTION,DNA_SEQ_999,6,0.89,PARTIAL
2026-04-10T03:01:13.600Z,4fc15cba,DB_CORRUPTION_SIM,DNA_SEQ_5CD,3,0.45,PARTIAL
2026-04-10T03:02:25.521Z,a01b7bae,LATENCY_MASKING,DNA_SEQ_5FB,2,0.41,SUCCESS
2026-04-10T03:07:14.157Z,06cfd798,ENTROPY_NOISE_INJECTION,DNA_SEQ_404,5,0.31,SUCCESS
2026-04-10T03:09:37.999Z,f21c512d,BANNER_MUTATION,DNA_SEQ_2A6,5,0.74,SUCCESS
2026-04-10T03:10:50.073Z,e62070ea,LATENCY_MASKING,DNA_SEQ_F3C,8,0.40,SUCCESS
2026-04-10T03:14:25.749Z,5e560fb1,TRAFFIC_MIRRORING,DNA_SEQ_F50,2,0.62,SUCCESS
2026-04-10T03:15:37.606Z,54d0d677,ILLUSIONARY_FS_SYNTHESIS,DNA_SEQ_D45,4,0.25,SUCCESS
2026-04-10T03:21:38.021Z,733959d4,RECURSIVE_TARPIT,DNA_SEQ_AA6,8,0.51,SUCCESS
2026-04-10T03:22:49.663Z,a0b9acd9,HONEYTOKEN_GENERATION,DNA_SEQ_3B,4,0.82,PARTIAL
2026-04-10T03:25:14.119Z,22f58a81,RECURSIVE_TARPIT,DNA_SEQ_BBE,4,0.51,SUCCESS
2026-04-10T03:27:37.853Z,f572430a,ILLUSIONARY_FS_SYNTHESIS,DNA_SEQ_865,7,0.80,PARTIAL
2026-04-10T03:30:01.518Z,ac48bb5b,HONEYTOKEN_GENERATION,DNA_SEQ_6D7,8,0.19,PARTIAL
2026-04-10T03:31:13.658Z,7d6ffb54,SHADOW_NET_REDIRECT,DNA_SEQ_780,5,0.52,SUCCESS
2026-04-10T03:33:38.149Z,99d0ea8e,TRAFFIC_MIRRORING,DNA_SEQ_432,6,0.17,SUCCESS
2026-04-10T03:34:49.511Z,79b676f8,SANDBOX_ISOLATION,DNA_SEQ_4A8,8,0.17,PARTIAL
2026-04-10T03:38:25.612Z,aeb23de1,BANNER_MUTATION,DNA_SEQ_474,5,0.37,SUCCESS
2026-04-10T03:39:37.587Z,9fce3fb2,HONEYTOKEN_GENERATION,DNA_SEQ_B8C,8,0.17,SUCCESS
2026-04-10T03:40:49.833Z,72e40cec,BANNER_MUTATION,DNA_SEQ_522,4,0.88,SUCCESS
2026-04-10T03:42:02.106Z,5b3782d2,DB_CORRUPTION_SIM,DNA_SEQ_D1B,8,0.20,SUCCESS
2026-04-10T03:43:13.577Z,8c16e823,SHADOW_NET_REDIRECT,DNA_SEQ_4E8,8,0.71,SUCCESS
2026-04-10T03:44:26.172Z,cf4bdcf4,HONEYTOKEN_GENERATION,DNA_SEQ_F6A,4,0.31,SUCCESS
2026-04-10T03:46:50.011Z,ff77f592,LATENCY_MASKING,DNA_SEQ_DF7,2,0.24,PARTIAL
2026-04-10T03:50:25.602Z,8b66cf38,LATENCY_MASKING,DNA_SEQ_6BA,2,0.65,SUCCESS
2026-04-10T03:51:37.706Z,6bb914ed,ILLUSIONARY_FS_SYNTHESIS,DNA_SEQ_77,4,0.30,SUCCESS
2026-04-10T03:52:50.073Z,5bc41449,ENTROPY_NOISE_INJECTION,DNA_SEQ_D0C,7,0.41,SUCCESS
2026-04-10T03:54:01.778Z,c81d9617,ILLUSIONARY_FS_SYNTHESIS,DNA_SEQ_C79,3,0.85,SUCCESS
2026-04-10T03:56:25.699Z,1103e540,ENTROPY_NOISE_INJECTION,DNA_SEQ_8D8,8,0.42,SUCCESS
2026-04-10T04:00:01.551Z,30c5bf67,SANDBOX_ISOLATION,DNA_SEQ_486,5,0.77,SUCCESS
2026-04-10T04:01:13.553Z,7640b90f,ENTROPY_NOISE_INJECTION,DNA_SEQ_FE3,6,0.20,SUCCESS
2026-04-10T04:02:25.961Z,ba7b476e,DB_CORRUPTION_SIM,DNA_SEQ_D11,8,0.62,PARTIAL
2026-04-10T04:04:49.502Z,1b2cffb1,SHADOW_NET_REDIRECT,DNA_SEQ_44E,6,0.65,SUCCESS
2026-04-10T04:13:13.668Z,d51e4089,LATENCY_MASKING,DNA_SEQ_2EC,2,0.32,SUCCESS
2026-04-10T04:14:26.141Z,d0c0e467,SHADOW_NET_REDIRECT,DNA_SEQ_F62,4,0.15,SUCCESS
2026-04-10T04:15:38.062Z,649b8922,LATENCY_MASKING,DNA_SEQ_3E8,4,0.63,SUCCESS
2026-04-10T04:16:49.731Z,b325c270,HONEYTOKEN_GENERATION,DNA_SEQ_493,3,0.26,SUCCESS
2026-04-10T04:19:13.573Z,32b2e2cf,ILLUSIONARY_FS_SYNTHESIS,DNA_SEQ_8A4,7,0.79,SUCCESS
2026-04-10T04:20:25.983Z,9fcb642c,SHADOW_NET_REDIRECT,DNA_SEQ_730,4,0.43,SUCCESS
2026-04-10T04:21:38.104Z,9484af4b,ENTROPY_NOISE_INJECTION,DNA_SEQ_1E2,2,0.69,SUCCESS
2026-04-10T04:22:50.183Z,22728db2,ILLUSIONARY_FS_SYNTHESIS,DNA_SEQ_3AC,2,0.58,SUCCESS
2026-04-10T04:26:25.830Z,57178e20,RECURSIVE_TARPIT,DNA_SEQ_976,8,0.25,SUCCESS
2026-04-10T04:27:38.086Z,b29bf744,SHADOW_NET_REDIRECT,DNA_SEQ_235,4,0.73,SUCCESS
2026-04-10T04:30:01.834Z,322deefe,SANDBOX_ISOLATION,DNA_SEQ_DBA,8,0.55,SUCCESS
2026-04-10T04:33:37.755Z,a777738c,BANNER_MUTATION,DNA_SEQ_8DD,4,0.11,PARTIAL
2026-04-10T04:37:13.843Z,9706e3c1,BANNER_MUTATION,DNA_SEQ_935,4,0.46,SUCCESS
2026-04-10T04:38:25.843Z,2a585fa2,DB_CORRUPTION_SIM,DNA_SEQ_956,6,0.63,SUCCESS
2026-04-10T04:40:49.761Z,255754fe,SHADOW_NET_REDIRECT,DNA_SEQ_B42,8,0.53,SUCCESS
2026-04-10T04:44:25.544Z,805b2682,BANNER_MUTATION,DNA_SEQ_3B9,7,0.61,SUCCESS
2026-04-10T04:46:49.780Z,26807090,RECURSIVE_TARPIT,DNA_SEQ_D38,6,0.56,SUCCESS
2026-04-10T04:49:13.539Z,4cf0fd6c,TRAFFIC_MIRRORING,DNA_SEQ_FD3,8,0.48,SUCCESS
2026-04-10T04:54:02.150Z,6641052c,SANDBOX_ISOLATION,DNA_SEQ_182,4,0.59,SUCCESS
2026-04-10T04:57:37.627Z,98095be4,SANDBOX_ISOLATION,DNA_SEQ_6C8,3,0.76,SUCCESS
2026-04-10T04:58:49.912Z,f4e18cae,BANNER_MUTATION,DNA_SEQ_CCA,8,0.21,SUCCESS
2026-04-10T05:00:02.082Z,ef2c54b4,RECURSIVE_TARPIT,DNA_SEQ_891,3,0.56,SUCCESS
2026-04-10T05:02:25.882Z,3ea5506c,TRAFFIC_MIRRORING,DNA_SEQ_E7B,3,0.79,SUCCESS
2026-04-10T05:03:38.006Z,ea032a9c,HONEYTOKEN_GENERATION,DNA_SEQ_1F5,5,0.80,SUCCESS
2026-04-10T05:04:49.801Z,9de8a889,ILLUSIONARY_FS_SYNTHESIS,DNA_SEQ_ADC,5,0.17,SUCCESS
2026-04-10T05:06:01.656Z,81e740f1,RECURSIVE_TARPIT,DNA_SEQ_AF,2,0.86,SUCCESS
2026-04-10T05:09:37.686Z,2e912a25,DB_CORRUPTION_SIM,DNA_SEQ_11C,4,0.26,SUCCESS
2026-04-10T05:13:13.783Z,bf8e1f57,DB_CORRUPTION_SIM,DNA_SEQ_373,4,0.37,SUCCESS
2026-04-10T05:15:37.721Z,2e90f81f,SANDBOX_ISOLATION,DNA_SEQ_B55,4,0.48,PARTIAL
2026-04-10T05:16:49.809Z,cb12766b,ILLUSIONARY_FS_SYNTHESIS,DNA_SEQ_BB1,4,0.11,SUCCESS
2026-04-10T05:18:01.828Z,8f1b12c4,DB_CORRUPTION_SIM,DNA_SEQ_685,4,0.20,SUCCESS
2026-04-10T05:19:13.949Z,78eaa0e0,TRAFFIC_MIRRORING,DNA_SEQ_297,5,0.72,SUCCESS
2026-04-10T05:25:13.656Z,385fd1ac,BANNER_MUTATION,DNA_SEQ_7A8,3,0.50,SUCCESS
2026-04-10T05:26:25.721Z,ec71d408,HONEYTOKEN_GENERATION,DNA_SEQ_86D,2,0.42,SUCCESS
2026-04-10T05:31:14.002Z,6b5094f7,HONEYTOKEN_GENERATION,DNA_SEQ_660,8,0.35,SUCCESS
2026-04-10T05:33:38.175Z,d8da21f6,SANDBOX_ISOLATION,DNA_SEQ_763,7,0.54,SUCCESS
2026-04-10T05:38:25.489Z,d3dd8cbb,DB_CORRUPTION_SIM,DNA_SEQ_E99,5,0.22,SUCCESS
2026-04-10T05:39:38.166Z,994402fd,RECURSIVE_TARPIT,DNA_SEQ_374,7,0.76,SUCCESS
2026-04-10T05:42:01.675Z,3f33a1d8,DB_CORRUPTION_SIM,DNA_SEQ_8B2,8,0.70,SUCCESS
2026-04-10T05:43:13.862Z,c790fc1f,RECURSIVE_TARPIT,DNA_SEQ_1D6,2,0.65,PARTIAL
2026-04-10T05:45:38.094Z,03e8f18f,TRAFFIC_MIRRORING,DNA_SEQ_CA,5,0.37,SUCCESS
2026-04-10T05:46:49.902Z,eb5cdfbb,DB_CORRUPTION_SIM,DNA_SEQ_F73,3,0.53,SUCCESS
2026-04-10T05:50:25.571Z,c22b42ab,ENTROPY_NOISE_INJECTION,DNA_SEQ_A36,4,0.37,PARTIAL
2026-04-10T05:51:37.545Z,7bd8f41d,RECURSIVE_TARPIT,DNA_SEQ_146,3,0.73,SUCCESS
2026-04-10T05:52:50.175Z,30481448,ENTROPY_NOISE_INJECTION,DNA_SEQ_F54,4,0.21,SUCCESS
2026-04-10T05:54:01.879Z,7ea4a1a5,DB_CORRUPTION_SIM,DNA_SEQ_AF5,7,0.29,SUCCESS
2026-04-10T05:55:13.517Z,6a260a68,HONEYTOKEN_GENERATION,DNA_SEQ_99C,8,0.81,SUCCESS
2026-04-10T05:57:37.736Z,e9de097c,TRAFFIC_MIRRORING,DNA_SEQ_AE4,6,0.47,SUCCESS
2026-04-10T06:00:02.076Z,6d162f86,BANNER_MUTATION,DNA_SEQ_A8B,7,0.28,SUCCESS
2026-04-10T06:01:13.966Z,4f27d26c,SHADOW_NET_REDIRECT,DNA_SEQ_E7F,4,0.38,SUCCESS
2026-04-10T06:03:37.489Z,53d801eb,SANDBOX_ISOLATION,DNA_SEQ_B4D,5,0.22,SUCCESS
2026-04-10T06:04:50.114Z,df7c147d,SANDBOX_ISOLATION,DNA_SEQ_875,2,0.33,SUCCESS
2026-04-10T06:06:01.589Z,2fd8c441,ENTROPY_NOISE_INJECTION,DNA_SEQ_232,3,0.70,PARTIAL
2026-04-10T06:07:13.584Z,6fe1a7ee,LATENCY_MASKING,DNA_SEQ_D66,3,0.57,SUCCESS
2026-04-10T06:08:26.148Z,5da49d41,LATENCY_MASKING,DNA_SEQ_A30,2,0.31,SUCCESS
2026-04-10T06:09:37.977Z,f5d2b401,DB_CORRUPTION_SIM,DNA_SEQ_40F,4,0.52,SUCCESS
2026-04-10T06:16:50.033Z,8812e25d,LATENCY_MASKING,DNA_SEQ_7F2,7,0.66,SUCCESS
2026-04-10T06:20:25.554Z,774d3bbf,SANDBOX_ISOLATION,DNA_SEQ_58D,7,0.47,SUCCESS
2026-04-10T06:21:37.736Z,cdefb18f,RECURSIVE_TARPIT,DNA_SEQ_B5D,3,0.23,SUCCESS
2026-04-10T06:26:25.711Z,2177b4e1,DB_CORRUPTION_SIM,DNA_SEQ_30A,4,0.84,SUCCESS
2026-04-10T06:28:49.880Z,d5420b32,SANDBOX_ISOLATION,DNA_SEQ_10C,2,0.69,SUCCESS
2026-04-10T06:31:14.162Z,e9300158,DB_CORRUPTION_SIM,DNA_SEQ_2F2,8,0.27,SUCCESS
2026-04-10T06:32:26.121Z,ffce874f,RECURSIVE_TARPIT,DNA_SEQ_E75,2,0.78,SUCCESS
2026-04-10T06:33:37.579Z,cc5531de,DB_CORRUPTION_SIM,DNA_SEQ_26E,3,0.44,PARTIAL
2026-04-10T06:38:25.827Z,0b2e324f,BANNER_MUTATION,DNA_SEQ_324,3,0.10,SUCCESS
2026-04-10T06:40:49.892Z,6151b67f,HONEYTOKEN_GENERATION,DNA_SEQ_B3D,4,0.66,PARTIAL
2026-04-10T06:42:01.734Z,66851aa6,BANNER_MUTATION,DNA_SEQ_95A,2,0.46,SUCCESS
2026-04-10T06:43:14.037Z,8184204e,SANDBOX_ISOLATION,DNA_SEQ_6BF,2,0.87,SUCCESS
2026-04-10T06:46:50.157Z,154bfc63,TRAFFIC_MIRRORING,DNA_SEQ_448,2,0.88,SUCCESS
2026-04-10T06:48:01.834Z,a3bfba3b,DB_CORRUPTION_SIM,DNA_SEQ_3AD,8,0.75,SUCCESS
2026-04-10T06:50:25.647Z,ae3232b4,SHADOW_NET_REDIRECT,DNA_SEQ_809,8,0.47,SUCCESS
2026-04-10T06:52:50.042Z,93b84b86,LATENCY_MASKING,DNA_SEQ_58C,3,0.53,SUCCESS
2026-04-10T06:54:01.558Z,6126d9d4,ENTROPY_NOISE_INJECTION,DNA_SEQ_923,8,0.52,SUCCESS
2026-04-10T06:57:38.113Z,2f97b8b6,ILLUSIONARY_FS_SYNTHESIS,DNA_SEQ_A97,2,0.32,PARTIAL
2026-04-10T06:58:49.731Z,d1c47a3d,LATENCY_MASKING,DNA_SEQ_1E3,4,0.63,PARTIAL
2026-04-10T07:00:01.928Z,5d750fd5,BANNER_MUTATION,DNA_SEQ_59A,8,0.34,SUCCESS
2026-04-10T07:01:13.663Z,776c8f8c,HONEYTOKEN_GENERATION,DNA_SEQ_E9D,7,0.39,SUCCESS
2026-04-10T07:07:13.642Z,f42f067e,LATENCY_MASKING,DNA_SEQ_3D1,5,0.70,SUCCESS
2026-04-10T07:09:37.938Z,965115b9,TRAFFIC_MIRRORING,DNA_SEQ_DCB,7,0.48,SUCCESS
2026-04-10T07:13:14.187Z,639e035a,TRAFFIC_MIRRORING,DNA_SEQ_4F5,6,0.27,SUCCESS
2026-04-10T07:18:01.946Z,aa84cc21,ILLUSIONARY_FS_SYNTHESIS,DNA_SEQ_620,3,0.42,PARTIAL
2026-04-10T07:21:37.537Z,52a95d8c,SANDBOX_ISOLATION,DNA_SEQ_B23,6,0.45,SUCCESS
2026-04-10T07:22:49.621Z,028d8e08,SANDBOX_ISOLATION,DNA_SEQ_4E1,8,0.33,SUCCESS
2026-04-10T07:24:01.594Z,8daf588d,HONEYTOKEN_GENERATION,DNA_SEQ_3F5,5,0.72,SUCCESS
2026-04-10T07:26:25.983Z,668d043b,TRAFFIC_MIRRORING,DNA_SEQ_4DE,5,0.22,SUCCESS
2026-04-10T07:27:37.554Z,18cd7d79,HONEYTOKEN_GENERATION,DNA_SEQ_73C,2,0.66,SUCCESS
2026-04-10T07:28:50.085Z,e8b71fb1,BANNER_MUTATION,DNA_SEQ_9E1,7,0.84,SUCCESS
2026-04-10T07:30:02.077Z,bddb0830,HONEYTOKEN_GENERATION,DNA_SEQ_76E,5,0.62,SUCCESS
2026-04-10T07:32:26.129Z,930009e2,HONEYTOKEN_GENERATION,DNA_SEQ_6F1,4,0.36,PARTIAL
2026-04-10T07:33:37.631Z,efb9b24c,ILLUSIONARY_FS_SYNTHESIS,DNA_SEQ_391,3,0.67,SUCCESS
2026-04-10T07:34:49.673Z,03f17533,TRAFFIC_MIRRORING,DNA_SEQ_B85,3,0.50,SUCCESS
2026-04-10T07:37:13.658Z,41b3acd3,LATENCY_MASKING,DNA_SEQ_2,7,0.41,PARTIAL
2026-04-10T07:38:26.065Z,e2abc70a,BANNER_MUTATION,DNA_SEQ_9BC,7,0.26,SUCCESS
2026-04-10T07:42:01.517Z,25ebb785,TRAFFIC_MIRRORING,DNA_SEQ_5A1,7,0.66,PARTIAL
2026-04-10T07:44:26.169Z,00692c69,ENTROPY_NOISE_INJECTION,DNA_SEQ_571,5,0.90,PARTIAL
2026-04-10T07:45:37.817Z,6f106eea,ENTROPY_NOISE_INJECTION,DNA_SEQ_432,7,0.62,SUCCESS
2026-04-10T07:48:01.488Z,b0be3ac9,DB_CORRUPTION_SIM,DNA_SEQ_83,4,0.64,SUCCESS
2026-04-10T07:54:01.745Z,1484b7a9,LATENCY_MASKING,DNA_SEQ_66F,6,0.17,SUCCESS
2026-04-10T07:55:13.815Z,5c0f2001,RECURSIVE_TARPIT,DNA_SEQ_6AD,7,0.51,PARTIAL
2026-04-10T07:56:25.747Z,319c5091,RECURSIVE_TARPIT,DNA_SEQ_C2C,5,0.71,SUCCESS
2026-04-10T07:57:37.802Z,82036316,DB_CORRUPTION_SIM,DNA_SEQ_27D,3,0.71,SUCCESS
2026-04-10T08:01:14.072Z,54f27288,SANDBOX_ISOLATION,DNA_SEQ_215,7,0.77,PARTIAL
2026-04-10T08:02:26.002Z,c8141870,SANDBOX_ISOLATION,DNA_SEQ_582,4,0.67,SUCCESS
2026-04-10T08:03:37.918Z,003abd8d,BANNER_MUTATION,DNA_SEQ_C08,7,0.18,SUCCESS
2026-04-10T08:04:50.160Z,74402ab6,ILLUSIONARY_FS_SYNTHESIS,DNA_SEQ_39,7,0.27,SUCCESS
2026-04-10T08:06:01.904Z,bc67ba65,ENTROPY_NOISE_INJECTION,DNA_SEQ_6EE,2,0.30,SUCCESS
2026-04-10T08:07:13.608Z,2d8869a7,RECURSIVE_TARPIT,DNA_SEQ_B4A,7,0.62,PARTIAL
2026-04-10T08:08:26.052Z,1334c1e0,SANDBOX_ISOLATION,DNA_SEQ_166,7,0.40,SUCCESS
2026-04-10T08:09:37.898Z,36b1364f,RECURSIVE_TARPIT,DNA_SEQ_590,2,0.62,SUCCESS
2026-04-10T08:13:13.976Z,d589d0e4,HONEYTOKEN_GENERATION,DNA_SEQ_4D9,5,0.18,SUCCESS
2026-04-10T08:14:25.741Z,1feb81a4,TRAFFIC_MIRRORING,DNA_SEQ_E3B,7,0.19,SUCCESS
2026-04-10T08:15:37.909Z,4d865de3,ILLUSIONARY_FS_SYNTHESIS,DNA_SEQ_B34,8,0.22,SUCCESS
2026-04-10T08:16:49.952Z,6dba0c75,LATENCY_MASKING,DNA_SEQ_434,5,0.40,SUCCESS
2026-04-10T08:19:13.525Z,a25e1074,BANNER_MUTATION,DNA_SEQ_F70,4,0.31,SUCCESS
2026-04-10T08:24:01.893Z,7059f90c,TRAFFIC_MIRRORING,DNA_SEQ_CB8,4,0.44,PARTIAL
2026-04-10T08:25:13.701Z,465938a1,HONEYTOKEN_GENERATION,DNA_SEQ_DFF,2,0.11,PARTIAL
2026-04-10T08:27:37.838Z,773c8f08,TRAFFIC_MIRRORING,DNA_SEQ_9DB,4,0.34,SUCCESS
2026-04-10T08:28:49.691Z,268fbc69,LATENCY_MASKING,DNA_SEQ_719,6,0.21,PARTIAL
2026-04-10T08:32:25.712Z,99b38947,SANDBOX_ISOLATION,DNA_SEQ_215,8,0.62,SUCCESS
2026-04-10T08:33:38.097Z,77c4dc6f,RECURSIVE_TARPIT,DNA_SEQ_49B,4,0.25,SUCCESS
2026-04-10T08:34:49.852Z,fce7ace8,ENTROPY_NOISE_INJECTION,DNA_SEQ_F4F,8,0.18,SUCCESS
2026-04-10T08:46:50.170Z,0feeda4d,DB_CORRUPTION_SIM,DNA_SEQ_BFD,4,0.34,SUCCESS
2026-04-10T08:48:01.544Z,98ac2dc4,LATENCY_MASKING,DNA_SEQ_5DA,5,0.73,PARTIAL
2026-04-10T08:49:13.488Z,292559d5,HONEYTOKEN_GENERATION,DNA_SEQ_E6B,5,0.84,SUCCESS
2026-04-10T08:50:25.948Z,aafb5e77,TRAFFIC_MIRRORING,DNA_SEQ_DB8,6,0.17,SUCCESS
2026-04-10T08:51:37.988Z,a1c83dac,SHADOW_NET_REDIRECT,DNA_SEQ_E80,2,0.40,SUCCESS
2026-04-10T08:54:01.767Z,3ab3ad5a,DB_CORRUPTION_SIM,DNA_SEQ_F62,6,0.30,SUCCESS
2026-04-10T08:55:13.891Z,ecc8012a,TRAFFIC_MIRRORING,DNA_SEQ_BA4,3,0.30,SUCCESS
2026-04-10T08:56:25.888Z,21ed437b,SANDBOX_ISOLATION,DNA_SEQ_4C8,5,0.29,PARTIAL
2026-04-10T09:01:13.971Z,09bc9fbd,RECURSIVE_TARPIT,DNA_SEQ_4A8,8,0.59,PARTIAL
2026-04-10T09:02:25.995Z,ab592cb3,ILLUSIONARY_FS_SYNTHESIS,DNA_SEQ_4BC,5,0.70,SUCCESS
2026-04-10T09:03:38.142Z,f54e5b7c,BANNER_MUTATION,DNA_SEQ_3AF,3,0.83,SUCCESS
2026-04-10T09:06:01.813Z,99c2a5ef,ILLUSIONARY_FS_SYNTHESIS,DNA_SEQ_14A,8,0.28,SUCCESS
2026-04-10T09:07:13.581Z,1a37ace3,SHADOW_NET_REDIRECT,DNA_SEQ_93E,7,0.79,PARTIAL
2026-04-10T09:08:25.858Z,0f6f1f73,ILLUSIONARY_FS_SYNTHESIS,DNA_SEQ_590,6,0.90,SUCCESS
2026-04-10T09:09:38.171Z,d5403592,LATENCY_MASKING,DNA_SEQ_86A,3,0.79,SUCCESS
2026-04-10T09:12:02.180Z,c9c486d9,BANNER_MUTATION,DNA_SEQ_E3E,7,0.14,SUCCESS
2026-04-10T09:13:14.176Z,53cd78f4,ENTROPY_NOISE_INJECTION,DNA_SEQ_986,2,0.61,SUCCESS
2026-04-10T09:15:37.902Z,d5195ebf,RECURSIVE_TARPIT,DNA_SEQ_CB4,2,0.19,PARTIAL
2026-04-10T09:16:49.972Z,c0f60149,ENTROPY_NOISE_INJECTION,DNA_SEQ_E1F,2,0.73,PARTIAL
2026-04-10T09:19:13.778Z,5597c35b,SANDBOX_ISOLATION,DNA_SEQ_96A,8,0.19,SUCCESS
2026-04-10T09:20:25.529Z,5f4fd3e8,ENTROPY_NOISE_INJECTION,DNA_SEQ_390,5,0.33,SUCCESS
2026-04-10T09:21:37.612Z,9c388bc4,HONEYTOKEN_GENERATION,DNA_SEQ_C7E,7,0.59,SUCCESS
2026-04-10T09:22:49.552Z,f04b1bf1,RECURSIVE_TARPIT,DNA_SEQ_2CF,7,0.18,SUCCESS
2026-04-10T09:24:01.726Z,bf8b2151,LATENCY_MASKING,DNA_SEQ_64,4,0.86,SUCCESS
2026-04-10T09:25:14.178Z,cd42498d,ILLUSIONARY_FS_SYNTHESIS,DNA_SEQ_43B,5,0.52,SUCCESS
2026-04-10T09:26:26.096Z,947ba3ef,ENTROPY_NOISE_INJECTION,DNA_SEQ_F08,5,0.66,SUCCESS
2026-04-10T09:28:49.644Z,4f9ee99c,SHADOW_NET_REDIRECT,DNA_SEQ_80C,5,0.60,SUCCESS
2026-04-10T09:30:02.117Z,f54f328e,LATENCY_MASKING,DNA_SEQ_C46,3,0.64,SUCCESS
2026-04-10T09:31:13.901Z,e755d2a4,SHADOW_NET_REDIRECT,DNA_SEQ_32A,4,0.84,SUCCESS
2026-04-10T09:32:26.040Z,d187fd4a,SANDBOX_ISOLATION,DNA_SEQ_B50,6,0.36,SUCCESS
2026-04-10T09:34:49.755Z,4d5a3f49,SANDBOX_ISOLATION,DNA_SEQ_999,3,0.57,SUCCESS
2026-04-10T09:36:01.923Z,dde280ab,HONEYTOKEN_GENERATION,DNA_SEQ_FDE,6,0.86,SUCCESS
2026-04-10T09:37:13.731Z,b3935397,LATENCY_MASKING,DNA_SEQ_1F3,2,0.31,SUCCESS
2026-04-10T09:38:26.079Z,d032398f,LATENCY_MASKING,DNA_SEQ_1A6,3,0.34,SUCCESS
2026-04-10T09:39:37.629Z,21f9ed3b,ENTROPY_NOISE_INJECTION,DNA_SEQ_2B3,3,0.26,SUCCESS
2026-04-10T09:40:50.130Z,2e051412,BANNER_MUTATION,DNA_SEQ_8E9,2,0.40,SUCCESS
2026-04-10T09:42:01.673Z,2aff6d80,SHADOW_NET_REDIRECT,DNA_SEQ_93B,8,0.23,SUCCESS
2026-04-10T09:44:25.620Z,3d3990e4,SANDBOX_ISOLATION,DNA_SEQ_C58,6,0.47,SUCCESS
2026-04-10T09:45:38.047Z,8705157d,BANNER_MUTATION,DNA_SEQ_99B,4,0.12,SUCCESS
2026-04-10T09:49:13.646Z,db3b499a,DB_CORRUPTION_SIM,DNA_SEQ_AEB,6,0.43,PARTIAL
2026-04-10T09:50:25.782Z,40a247ce,RECURSIVE_TARPIT,DNA_SEQ_11,4,0.73,SUCCESS
2026-04-10T09:51:38.037Z,2d6c6a64,BANNER_MUTATION,DNA_SEQ_420,2,0.49,SUCCESS
2026-04-10T09:54:01.968Z,fc144764,RECURSIVE_TARPIT,DNA_SEQ_55B,8,0.86,SUCCESS
2026-04-10T09:55:14.079Z,f1c38fbd,SHADOW_NET_REDIRECT,DNA_SEQ_32E,8,0.85,SUCCESS
2026-04-10T09:56:25.993Z,db215fc4,HONEYTOKEN_GENERATION,DNA_SEQ_796,2,0.26,SUCCESS
2026-04-10T09:57:37.749Z,f6ed93a1,SANDBOX_ISOLATION,DNA_SEQ_D28,7,0.12,PARTIAL
2026-04-10T10:01:14.071Z,6ad16c82,SHADOW_NET_REDIRECT,DNA_SEQ_945,8,0.55,SUCCESS
2026-04-10T10:02:25.975Z,37b66779,DB_CORRUPTION_SIM,DNA_SEQ_B4B,4,0.31,SUCCESS
2026-04-10T10:03:37.612Z,c3c1bf7d,TRAFFIC_MIRRORING,DNA_SEQ_CFF,7,0.22,SUCCESS
2026-04-10T10:04:50.000Z,3643606e,SANDBOX_ISOLATION,DNA_SEQ_3E4,7,0.20,SUCCESS
2026-04-10T10:06:01.662Z,3b9abef9,ENTROPY_NOISE_INJECTION,DNA_SEQ_578,8,0.17,SUCCESS
2026-04-10T10:07:14.123Z,6e72e08a,HONEYTOKEN_GENERATION,DNA_SEQ_DCE,4,0.13,SUCCESS
2026-04-10T10:08:25.671Z,b142041b,SANDBOX_ISOLATION,DNA_SEQ_959,2,0.21,SUCCESS
2026-04-10T10:09:38.060Z,d215f052,HONEYTOKEN_GENERATION,DNA_SEQ_61F,5,0.22,SUCCESS
2026-04-10T10:13:13.634Z,338dce80,BANNER_MUTATION,DNA_SEQ_715,8,0.40,SUCCESS
2026-04-10T10:15:37.545Z,d653ad05,ILLUSIONARY_FS_SYNTHESIS,DNA_SEQ_48,3,0.16,SUCCESS
2026-04-10T10:16:49.528Z,d141ef46,RECURSIVE_TARPIT,DNA_SEQ_DCA,6,0.39,SUCCESS
2026-04-10T10:19:13.602Z,bc7b198e,HONEYTOKEN_GENERATION,DNA_SEQ_64E,4,0.42,PARTIAL
2026-04-10T10:20:26.149Z,8e66ff82,BANNER_MUTATION,DNA_SEQ_AF4,6,0.26,PARTIAL
2026-04-10T10:22:49.710Z,d8b4b0a9,HONEYTOKEN_GENERATION,DNA_SEQ_F04,6,0.34,PARTIAL
2026-04-10T10:25:13.756Z,37ed3b0c,SANDBOX_ISOLATION,DNA_SEQ_47C,2,0.88,SUCCESS
2026-04-10T10:26:25.597Z,8255f49a,TRAFFIC_MIRRORING,DNA_SEQ_820,7,0.71,PARTIAL
2026-04-10T10:27:38.166Z,e844045d,SANDBOX_ISOLATION,DNA_SEQ_9B4,6,0.26,PARTIAL
2026-04-10T10:28:49.944Z,35a1b5e6,DB_CORRUPTION_SIM,DNA_SEQ_E7,3,0.37,SUCCESS
2026-04-10T10:30:01.666Z,a289122f,ENTROPY_NOISE_INJECTION,DNA_SEQ_DED,2,0.62,SUCCESS
2026-04-10T10:31:14.060Z,fe0727a0,LATENCY_MASKING,DNA_SEQ_E9B,5,0.11,PARTIAL
2026-04-10T10:32:26.129Z,fb5618c2,TRAFFIC_MIRRORING,DNA_SEQ_83D,5,0.18,SUCCESS
2026-04-10T10:34:49.792Z,c00fc55a,HONEYTOKEN_GENERATION,DNA_SEQ_834,8,0.60,PARTIAL
2026-04-10T10:37:13.575Z,6bd9077c,SHADOW_NET_REDIRECT,DNA_SEQ_BD3,5,0.27,SUCCESS
2026-04-10T10:38:25.667Z,cc10c356,DB_CORRUPTION_SIM,DNA_SEQ_9E7,8,0.65,SUCCESS
2026-04-10T10:43:13.516Z,6a85bbf8,ENTROPY_NOISE_INJECTION,DNA_SEQ_A6A,4,0.75,SUCCESS
2026-04-10T10:45:37.929Z,77e2d562,LATENCY_MASKING,DNA_SEQ_192,5,0.19,SUCCESS
2026-04-10T10:48:02.133Z,7f250cef,TRAFFIC_MIRRORING,DNA_SEQ_E00,3,0.84,SUCCESS
2026-04-10T10:49:13.866Z,597f554e,DB_CORRUPTION_SIM,DNA_SEQ_C38,8,0.43,PARTIAL
2026-04-10T10:51:37.796Z,1f61e46c,BANNER_MUTATION,DNA_SEQ_A98,5,0.88,PARTIAL
2026-04-10T10:52:49.862Z,f6e48152,TRAFFIC_MIRRORING,DNA_SEQ_99E,5,0.10,SUCCESS
2026-04-10T10:54:02.167Z,7e7daf6f,RECURSIVE_TARPIT,DNA_SEQ_F3B,6,0.28,PARTIAL
2026-04-10T10:55:13.590Z,b5ece4be,DB_CORRUPTION_SIM,DNA_SEQ_D3,3,0.76,PARTIAL
2026-04-10T10:56:25.687Z,d2b479c3,ILLUSIONARY_FS_SYNTHESIS,DNA_SEQ_ED7,8,0.39,PARTIAL
2026-04-10T10:57:37.551Z,01092f6d,ENTROPY_NOISE_INJECTION,DNA_SEQ_793,5,0.28,SUCCESS
2026-04-10T11:02:25.962Z,77fa279a,SHADOW_NET_REDIRECT,DNA_SEQ_BF2,2,0.73,SUCCESS
2026-04-10T11:07:13.847Z,ee7a0156,SHADOW_NET_REDIRECT,DNA_SEQ_4D2,4,0.15,SUCCESS
2026-04-10T11:10:50.034Z,d73d36a5,ILLUSIONARY_FS_SYNTHESIS,DNA_SEQ_475,2,0.57,SUCCESS
2026-04-10T11:20:25.604Z,5b76dbe9,ILLUSIONARY_FS_SYNTHESIS,DNA_SEQ_50E,2,0.22,SUCCESS
2026-04-10T11:21:37.582Z,05c04727,RECURSIVE_TARPIT,DNA_SEQ_C4D,4,0.42,SUCCESS
2026-04-10T11:22:50.040Z,1e305c97,RECURSIVE_TARPIT,DNA_SEQ_339,8,0.33,SUCCESS
2026-04-10T11:25:14.159Z,61f79b42,SHADOW_NET_REDIRECT,DNA_SEQ_C1F,4,0.83,PARTIAL
2026-04-10T11:26:25.655Z,b0340a5a,DB_CORRUPTION_SIM,DNA_SEQ_E7,4,0.81,PARTIAL
2026-04-10T11:31:13.754Z,4444305a,LATENCY_MASKING,DNA_SEQ_7A0,3,0.55,SUCCESS
2026-04-10T11:32:25.791Z,4232fa15,DB_CORRUPTION_SIM,DNA_SEQ_A0D,6,0.87,SUCCESS
2026-04-10T11:33:38.020Z,4476dd0a,RECURSIVE_TARPIT,DNA_SEQ_9A,7,0.75,SUCCESS
2026-04-10T11:36:01.963Z,b9eb66d4,TRAFFIC_MIRRORING,DNA_SEQ_3ED,2,0.11,SUCCESS
2026-04-10T11:38:25.548Z,0f2daacf,SANDBOX_ISOLATION,DNA_SEQ_68D,3,0.12,SUCCESS
2026-04-10T11:39:38.131Z,abef97fd,ENTROPY_NOISE_INJECTION,DNA_SEQ_172,4,0.39,SUCCESS
2026-04-10T11:40:49.961Z,826d3c0a,SANDBOX_ISOLATION,DNA_SEQ_D3A,4,0.51,SUCCESS
2026-04-10T11:42:01.697Z,c581b1ff,SHADOW_NET_REDIRECT,DNA_SEQ_9B9,2,0.48,PARTIAL
2026-04-10T11:43:13.866Z,4a226d16,SANDBOX_ISOLATION,DNA_SEQ_B9D,3,0.29,SUCCESS
2026-04-10T11:45:38.039Z,2e3141c2,TRAFFIC_MIRRORING,DNA_SEQ_20F,8,0.80,SUCCESS
2026-04-10T11:49:14.173Z,ea242cb1,LATENCY_MASKING,DNA_SEQ_5EB,3,0.55,SUCCESS
2026-04-10T11:50:26.128Z,853b7c9e,ILLUSIONARY_FS_SYNTHESIS,DNA_SEQ_D5E,8,0.17,PARTIAL
2026-04-10T11:52:50.174Z,db16d886,RECURSIVE_TARPIT,DNA_SEQ_1BE,5,0.69,SUCCESS
2026-04-10T12:03:37.929Z,a2980adf,DB_CORRUPTION_SIM,DNA_SEQ_AB,5,0.13,SUCCESS
2026-04-10T12:04:50.025Z,dba3765b,DB_CORRUPTION_SIM,DNA_SEQ_BB5,6,0.60,SUCCESS
2026-04-10T12:06:01.640Z,3012d966,SHADOW_NET_REDIRECT,DNA_SEQ_117,8,0.28,SUCCESS
2026-04-10T12:07:13.580Z,b1dc53df,LATENCY_MASKING,DNA_SEQ_17B,4,0.50,SUCCESS
2026-04-10T12:08:25.903Z,e4f00212,LATENCY_MASKING,DNA_SEQ_CA4,7,0.60,SUCCESS
2026-04-10T12:10:49.824Z,71a87ce5,RECURSIVE_TARPIT,DNA_SEQ_97F,8,0.16,SUCCESS
2026-04-10T12:14:25.733Z,c8209ffa,ENTROPY_NOISE_INJECTION,DNA_SEQ_6A1,3,0.32,SUCCESS
2026-04-10T12:18:01.694Z,b2f4b390,BANNER_MUTATION,DNA_SEQ_C0B,2,0.45,SUCCESS
2026-04-10T12:19:13.996Z,773ae933,RECURSIVE_TARPIT,DNA_SEQ_808,4,0.43,SUCCESS
2026-04-10T12:21:37.967Z,ee31016e,ILLUSIONARY_FS_SYNTHESIS,DNA_SEQ_5AF,2,0.15,PARTIAL
2026-04-10T12:22:50.131Z,5cc1cf83,SHADOW_NET_REDIRECT,DNA_SEQ_8F6,4,0.54,PARTIAL
2026-04-10T12:25:13.517Z,6586b392,ENTROPY_NOISE_INJECTION,DNA_SEQ_43B,3,0.65,PARTIAL
2026-04-10T12:26:26.069Z,36e4a354,LATENCY_MASKING,DNA_SEQ_582,4,0.72,SUCCESS
2026-04-10T12:27:37.808Z,07b29566,LATENCY_MASKING,DNA_SEQ_DB4,7,0.65,SUCCESS
2026-04-10T12:28:49.710Z,83d8b822,TRAFFIC_MIRRORING,DNA_SEQ_DF5,3,0.81,SUCCESS
2026-04-10T12:30:02.002Z,ed85783b,TRAFFIC_MIRRORING,DNA_SEQ_AE5,5,0.38,SUCCESS
2026-04-10T12:32:25.978Z,f1fe9e4c,ILLUSIONARY_FS_SYNTHESIS,DNA_SEQ_D56,2,0.33,SUCCESS
2026-04-10T12:34:49.802Z,9d06bc42,SHADOW_NET_REDIRECT,DNA_SEQ_C52,3,0.31,SUCCESS
2026-04-10T12:36:01.604Z,dd78b682,RECURSIVE_TARPIT,DNA_SEQ_9FA,5,0.33,PARTIAL
2026-04-10T12:37:13.497Z,a617fac9,ILLUSIONARY_FS_SYNTHESIS,DNA_SEQ_7BE,7,0.15,PARTIAL
2026-04-10T12:39:37.622Z,4cfdf418,BANNER_MUTATION,DNA_SEQ_E20,4,0.54,SUCCESS
2026-04-10T12:40:49.516Z,287068fc,SANDBOX_ISOLATION,DNA_SEQ_C25,6,0.31,PARTIAL
2026-04-10T12:43:13.750Z,b19c6484,TRAFFIC_MIRRORING,DNA_SEQ_511,5,0.76,SUCCESS
2026-04-10T12:44:26.080Z,14031be9,BANNER_MUTATION,DNA_SEQ_942,8,0.71,PARTIAL
2026-04-10T12:49:13.781Z,94c60dd8,ENTROPY_NOISE_INJECTION,DNA_SEQ_9C0,6,0.63,SUCCESS
2026-04-10T12:50:25.541Z,0e510d25,RECURSIVE_TARPIT,DNA_SEQ_DD3,2,0.87,SUCCESS
2026-04-10T12:51:37.877Z,09dd1acb,TRAFFIC_MIRRORING,DNA_SEQ_2C,6,0.58,SUCCESS
2026-04-10T12:52:49.739Z,f4811d3e,DB_CORRUPTION_SIM,DNA_SEQ_80E,7,0.40,SUCCESS
2026-04-10T12:54:02.173Z,35e5d7ed,HONEYTOKEN_GENERATION,DNA_SEQ_D88,2,0.88,PARTIAL
2026-04-10T12:57:37.769Z,c46ed9b7,ILLUSIONARY_FS_SYNTHESIS,DNA_SEQ_13E,4,0.31,SUCCESS
2026-04-10T12:58:49.795Z,188b5071,RECURSIVE_TARPIT,DNA_SEQ_9CC,4,0.28,SUCCESS
2026-04-10T13:00:01.585Z,3da58091,LATENCY_MASKING,DNA_SEQ_6CD,5,0.88,SUCCESS
2026-04-10T13:01:13.745Z,b86443de,TRAFFIC_MIRRORING,DNA_SEQ_D62,6,0.34,SUCCESS
2026-04-10T13:02:25.936Z,b251ac2f,LATENCY_MASKING,DNA_SEQ_DB9,6,0.45,SUCCESS
2026-04-10T13:03:37.808Z,1830e7f0,LATENCY_MASKING,DNA_SEQ_253,3,0.36,PARTIAL
2026-04-10T13:04:50.138Z,6d675bb3,DB_CORRUPTION_SIM,DNA_SEQ_1C4,8,0.64,SUCCESS
2026-04-10T13:06:01.693Z,46df8cac,TRAFFIC_MIRRORING,DNA_SEQ_5BE,6,0.49,SUCCESS
2026-04-10T13:07:13.968Z,0e85179d,LATENCY_MASKING,DNA_SEQ_ED2,3,0.13,PARTIAL
2026-04-10T13:09:38.012Z,1bc361db,HONEYTOKEN_GENERATION,DNA_SEQ_42,7,0.39,PARTIAL
2026-04-10T13:10:50.030Z,7e41e4e1,TRAFFIC_MIRRORING,DNA_SEQ_892,2,0.67,SUCCESS
2026-04-10T13:13:13.499Z,9f6d16e7,LATENCY_MASKING,DNA_SEQ_407,3,0.49,SUCCESS
2026-04-10T13:16:50.177Z,dc62605d,HONEYTOKEN_GENERATION,DNA_SEQ_5B3,7,0.59,SUCCESS
2026-04-10T13:18:01.997Z,21078a18,ENTROPY_NOISE_INJECTION,DNA_SEQ_CCF,7,0.31,SUCCESS
2026-04-10T13:19:13.981Z,fa701d69,RECURSIVE_TARPIT,DNA_SEQ_8C2,5,0.76,SUCCESS
2026-04-10T13:20:26.114Z,b9b5c276,ILLUSIONARY_FS_SYNTHESIS,DNA_SEQ_3F9,2,0.85,SUCCESS
2026-04-10T13:21:37.924Z,33fe8725,HONEYTOKEN_GENERATION,DNA_SEQ_5BF,2,0.29,PARTIAL
2026-04-10T13:25:13.592Z,0dc5975f,LATENCY_MASKING,DNA_SEQ_A53,4,0.36,SUCCESS
2026-04-10T13:27:38.140Z,01ac8120,HONEYTOKEN_GENERATION,DNA_SEQ_6C8,5,0.70,SUCCESS
2026-04-10T13:28:49.939Z,7dac9650,HONEYTOKEN_GENERATION,DNA_SEQ_3E4,4,0.58,SUCCESS
2026-04-10T13:30:01.820Z,a83b5bab,SANDBOX_ISOLATION,DNA_SEQ_106,2,0.57,SUCCESS
2026-04-10T13:32:25.681Z,26fd68af,ILLUSIONARY_FS_SYNTHESIS,DNA_SEQ_686,3,0.17,SUCCESS
2026-04-10T13:33:37.877Z,adb7b1fe,RECURSIVE_TARPIT,DNA_SEQ_AE6,2,0.15,PARTIAL
2026-04-10T13:34:50.016Z,cf3ccb1a,TRAFFIC_MIRRORING,DNA_SEQ_1A3,4,0.54,SUCCESS
2026-04-10T13:36:01.920Z,66b2fbdf,LATENCY_MASKING,DNA_SEQ_7D0,2,0.30,SUCCESS
2026-04-10T13:37:13.834Z,5fa794da,RECURSIVE_TARPIT,DNA_SEQ_AAC,3,0.44,SUCCESS
2026-04-10T13:38:25.583Z,79481dba,DB_CORRUPTION_SIM,DNA_SEQ_731,8,0.67,SUCCESS
2026-04-10T13:39:38.039Z,58d6fcb0,RECURSIVE_TARPIT,DNA_SEQ_F00,6,0.13,SUCCESS
2026-04-10T13:42:01.860Z,4a26c69e,SANDBOX_ISOLATION,DNA_SEQ_6E3,8,0.28,SUCCESS
2026-04-10T13:43:13.861Z,f22e99d9,DB_CORRUPTION_SIM,DNA_SEQ_C7C,5,0.67,SUCCESS
2026-04-10T13:44:25.970Z,5bbf99b8,TRAFFIC_MIRRORING,DNA_SEQ_175,8,0.24,SUCCESS
2026-04-10T13:45:37.970Z,dd8103d9,SHADOW_NET_REDIRECT,DNA_SEQ_5C0,6,0.18,SUCCESS
2026-04-10T13:50:25.886Z,745c17c7,HONEYTOKEN_GENERATION,DNA_SEQ_9C1,6,0.22,SUCCESS
2026-04-10T13:51:37.775Z,2d50ba7a,TRAFFIC_MIRRORING,DNA_SEQ_C1B,2,0.11,SUCCESS
2026-04-10T13:52:50.095Z,1eeb8824,ILLUSIONARY_FS_SYNTHESIS,DNA_SEQ_7D,6,0.19,SUCCESS
2026-04-10T13:54:01.772Z,1713ac67,RECURSIVE_TARPIT,DNA_SEQ_4D,5,0.14,SUCCESS
2026-04-10T13:57:38.135Z,8b52f59a,SHADOW_NET_REDIRECT,DNA_SEQ_7B6,3,0.50,SUCCESS
2026-04-10T13:58:49.665Z,1067af5c,TRAFFIC_MIRRORING,DNA_SEQ_812,3,0.13,SUCCESS
2026-04-10T14:03:37.745Z,e1af79c8,SANDBOX_ISOLATION,DNA_SEQ_E66,5,0.12,SUCCESS
2026-04-10T14:06:02.171Z,1b9e45a0,HONEYTOKEN_GENERATION,DNA_SEQ_EFF,6,0.49,SUCCESS
2026-04-10T14:07:14.064Z,f6ef3ff7,ILLUSIONARY_FS_SYNTHESIS,DNA_SEQ_140,3,0.18,SUCCESS
2026-04-10T14:10:50.100Z,c8a8c7e4,BANNER_MUTATION,DNA_SEQ_BA2,7,0.72,SUCCESS
2026-04-10T14:12:01.503Z,4490d864,RECURSIVE_TARPIT,DNA_SEQ_667,2,0.13,SUCCESS
2026-04-10T14:13:13.873Z,32156989,SANDBOX_ISOLATION,DNA_SEQ_62B,5,0.23,PARTIAL
2026-04-10T14:15:37.994Z,3330ee84,ILLUSIONARY_FS_SYNTHESIS,DNA_SEQ_DD0,8,0.39,SUCCESS
2026-04-10T14:16:49.687Z,b21191cf,BANNER_MUTATION,DNA_SEQ_9CC,4,0.81,SUCCESS
2026-04-10T14:22:49.950Z,7b725635,HONEYTOKEN_GENERATION,DNA_SEQ_6E1,4,0.88,SUCCESS
2026-04-10T14:24:01.988Z,9bf3f519,ENTROPY_NOISE_INJECTION,DNA_SEQ_23D,2,0.51,SUCCESS
2026-04-10T14:25:13.797Z,66d9b2d0,LATENCY_MASKING,DNA_SEQ_2F8,5,0.30,SUCCESS
2026-04-10T14:32:25.776Z,7e501717,ILLUSIONARY_FS_SYNTHESIS,DNA_SEQ_E10,6,0.61,SUCCESS
2026-04-10T14:33:37.749Z,e5f95ee3,ENTROPY_NOISE_INJECTION,DNA_SEQ_E4E,8,0.37,PARTIAL
2026-04-10T14:34:49.647Z,cb139e49,TRAFFIC_MIRRORING,DNA_SEQ_131,4,0.65,SUCCESS
2026-04-10T14:37:13.750Z,654a105d,BANNER_MUTATION,DNA_SEQ_4A5,2,0.17,SUCCESS
2026-04-10T14:39:37.552Z,b7e5ca5d,TRAFFIC_MIRRORING,DNA_SEQ_C5C,3,0.68,SUCCESS
2026-04-10T14:40:50.043Z,5da2cc60,TRAFFIC_MIRRORING,DNA_SEQ_FAE,2,0.31,PARTIAL
2026-04-10T14:43:13.628Z,926af44d,LATENCY_MASKING,DNA_SEQ_9C,6,0.15,PARTIAL
2026-04-10T14:44:25.511Z,f18434d7,ENTROPY_NOISE_INJECTION,DNA_SEQ_7EB,6,0.49,PARTIAL
2026-04-10T14:46:49.977Z,a89b8395,TRAFFIC_MIRRORING,DNA_SEQ_BC2,5,0.69,SUCCESS
2026-04-10T14:48:02.167Z,362202e0,TRAFFIC_MIRRORING,DNA_SEQ_974,2,0.30,SUCCESS
2026-04-10T14:49:13.884Z,0ec01f8b,RECURSIVE_TARPIT,DNA_SEQ_FC0,6,0.17,SUCCESS
2026-04-10T14:50:25.538Z,eefddfc2,LATENCY_MASKING,DNA_SEQ_DF9,7,0.14,SUCCESS
2026-04-10T14:51:37.879Z,218d6817,BANNER_MUTATION,DNA_SEQ_507,8,0.85,SUCCESS
2026-04-10T14:52:49.494Z,2c28bfd1,RECURSIVE_TARPIT,DNA_SEQ_7AC,3,0.24,SUCCESS
2026-04-10T14:54:01.882Z,e1b8e286,SANDBOX_ISOLATION,DNA_SEQ_B14,7,0.33,SUCCESS
2026-04-10T14:55:13.747Z,1a7a204a,BANNER_MUTATION,DNA_SEQ_12E,5,0.42,SUCCESS
2026-04-10T14:56:26.146Z,fd40ff9e,BANNER_MUTATION,DNA_SEQ_B39,2,0.29,SUCCESS
2026-04-10T14:57:37.978Z,a21676d8,SHADOW_NET_REDIRECT,DNA_SEQ_7E0,4,0.60,SUCCESS
2026-04-10T15:01:14.139Z,0bba9229,ILLUSIONARY_FS_SYNTHESIS,DNA_SEQ_C26,5,0.67,SUCCESS
2026-04-10T15:02:26.033Z,1a3b402c,HONEYTOKEN_GENERATION,DNA_SEQ_2A5,7,0.42,SUCCESS
2026-04-10T15:03:37.764Z,36ae238b,BANNER_MUTATION,DNA_SEQ_471,6,0.30,PARTIAL
2026-04-10T15:04:49.972Z,0c146d74,HONEYTOKEN_GENERATION,DNA_SEQ_89A,6,0.68,SUCCESS
2026-04-10T15:06:01.534Z,34cb8ff0,LATENCY_MASKING,DNA_SEQ_6B,2,0.67,SUCCESS
2026-04-10T15:07:13.655Z,01c8ea80,SHADOW_NET_REDIRECT,DNA_SEQ_C56,2,0.68,PARTIAL
2026-04-10T15:08:25.738Z,3cff8ff7,LATENCY_MASKING,DNA_SEQ_E38,6,0.79,PARTIAL
2026-04-10T15:10:49.638Z,c0e384db,LATENCY_MASKING,DNA_SEQ_F71,7,0.45,SUCCESS
2026-04-10T15:12:01.962Z,178977ab,RECURSIVE_TARPIT,DNA_SEQ_75D,2,0.56,SUCCESS
2026-04-10T15:14:25.502Z,f5f1b4fd,LATENCY_MASKING,DNA_SEQ_F94,5,0.26,PARTIAL
2026-04-10T15:18:02.039Z,0f644d16,HONEYTOKEN_GENERATION,DNA_SEQ_6FA,6,0.75,SUCCESS
2026-04-10T15:19:13.929Z,71fc58f6,ENTROPY_NOISE_INJECTION,DNA_SEQ_925,2,0.24,SUCCESS
2026-04-10T15:20:25.891Z,4abd7399,DB_CORRUPTION_SIM,DNA_SEQ_BA2,7,0.86,SUCCESS
2026-04-10T15:22:50.049Z,648f15e4,TRAFFIC_MIRRORING,DNA_SEQ_16C,4,0.78,PARTIAL
2026-04-10T15:28:49.758Z,8efa8be7,ENTROPY_NOISE_INJECTION,DNA_SEQ_D1D,4,0.21,SUCCESS
2026-04-10T15:30:01.876Z,686cda3a,RECURSIVE_TARPIT,DNA_SEQ_F1A,5,0.30,SUCCESS
2026-04-10T15:32:25.860Z,a85cf320,TRAFFIC_MIRRORING,DNA_SEQ_B04,6,0.67,SUCCESS
2026-04-10T15:36:01.601Z,1ea17588,TRAFFIC_MIRRORING,DNA_SEQ_5CB,6,0.21,PARTIAL
2026-04-10T15:38:25.564Z,2db141a1,ILLUSIONARY_FS_SYNTHESIS,DNA_SEQ_7ED,5,0.75,SUCCESS
2026-04-10T15:39:37.851Z,435bc6fd,SANDBOX_ISOLATION,DNA_SEQ_EC9,5,0.80,PARTIAL
2026-04-10T06:01:13.966Z,4f27d26c,SHADOW_NET_REDIRECT,DNA_SEQ_E7F,4,0.38,SUCCESS
2026-04-10T09:32:26.040Z,d187fd4a,SANDBOX_ISOLATION,DNA_SEQ_B50,6,0.36,SUCCESS
2026-04-09T19:00:01.701Z,21de668d,ENTROPY_NOISE_INJECTION,DNA_SEQ_915,2,0.87,SUCCESS
2026-04-10T07:21:37.537Z,52a95d8c,SANDBOX_ISOLATION,DNA_SEQ_B23,6,0.45,SUCCESS
2026-04-10T15:20:25.891Z,4abd7399,DB_CORRUPTION_SIM,DNA_SEQ_BA2,7,0.86,SUCCESS
2026-04-10T07:45:37.817Z,6f106eea,ENTROPY_NOISE_INJECTION,DNA_SEQ_432,7,0.62,SUCCESS
2026-04-09T23:44:25.724Z,08186904,HONEYTOKEN_GENERATION,DNA_SEQ_271,5,0.28,SUCCESS
2026-04-10T09:54:01.968Z,fc144764,RECURSIVE_TARPIT,DNA_SEQ_55B,8,0.86,SUCCESS
2026-04-10T00:06:02.043Z,c6e2859e,ILLUSIONARY_FS_SYNTHESIS,DNA_SEQ_20F,3,0.22,SUCCESS
2026-04-09T16:14:26.144Z,926eb45e,ILLUSIONARY_FS_SYNTHESIS,DNA_SEQ_31F,6,0.86,SUCCESS
2026-04-10T07:56:25.747Z,319c5091,RECURSIVE_TARPIT,DNA_SEQ_C2C,5,0.71,SUCCESS
2026-04-10T13:13:13.499Z,9f6d16e7,LATENCY_MASKING,DNA_SEQ_407,3,0.49,SUCCESS
2026-04-10T08:08:26.052Z,1334c1e0,SANDBOX_ISOLATION,DNA_SEQ_166,7,0.40,SUCCESS
2026-04-10T08:28:49.691Z,268fbc69,LATENCY_MASKING,DNA_SEQ_719,6,0.21,PARTIAL
2026-04-10T04:33:37.755Z,a777738c,BANNER_MUTATION,DNA_SEQ_8DD,4,0.11,PARTIAL
2026-04-10T04:16:49.731Z,b325c270,HONEYTOKEN_GENERATION,DNA_SEQ_493,3,0.26,SUCCESS
2026-04-09T16:15:37.950Z,ea7e4292,SANDBOX_ISOLATION,DNA_SEQ_7B3,2,0.60,SUCCESS
2026-04-10T06:43:14.037Z,8184204e,SANDBOX_ISOLATION,DNA_SEQ_6BF,2,0.87,SUCCESS
2026-04-10T00:12:01.917Z,d1888458,SANDBOX_ISOLATION,DNA_SEQ_107,2,0.38,SUCCESS
2026-04-10T01:06:01.893Z,48032e8d,TRAFFIC_MIRRORING,DNA_SEQ_D86,4,0.23,SUCCESS
2026-04-10T14:07:14.064Z,f6ef3ff7,ILLUSIONARY_FS_SYNTHESIS,DNA_SEQ_140,3,0.18,SUCCESS
2026-04-10T00:12:01.917Z,d1888458,SANDBOX_ISOLATION,DNA_SEQ_107,2,0.38,SUCCESS
2026-04-09T23:33:38.117Z,3fcc4033,LATENCY_MASKING,DNA_SEQ_53,2,0.86,SUCCESS
2026-04-10T10:07:14.123Z,6e72e08a,HONEYTOKEN_GENERATION,DNA_SEQ_DCE,4,0.13,SUCCESS
2026-04-10T08:08:26.052Z,1334c1e0,SANDBOX_ISOLATION,DNA_SEQ_166,7,0.40,SUCCESS
2026-04-10T09:57:37.749Z,f6ed93a1,SANDBOX_ISOLATION,DNA_SEQ_D28,7,0.12,PARTIAL
2026-04-10T05:04:49.801Z,9de8a889,ILLUSIONARY_FS_SYNTHESIS,DNA_SEQ_ADC,5,0.17,SUCCESS
2026-04-10T09:31:13.901Z,e755d2a4,SHADOW_NET_REDIRECT,DNA_SEQ_32A,4,0.84,SUCCESS
2026-04-09T23:01:13.820Z,6fa41f25,RECURSIVE_TARPIT,DNA_SEQ_FD1,8,0.53,SUCCESS
2026-04-10T00:06:02.043Z,c6e2859e,ILLUSIONARY_FS_SYNTHESIS,DNA_SEQ_20F,3,0.22,SUCCESS
2026-04-10T11:36:01.963Z,b9eb66d4,TRAFFIC_MIRRORING,DNA_SEQ_3ED,2,0.11,SUCCESS
2026-04-10T00:54:01.831Z,abd9b43e,RECURSIVE_TARPIT,DNA_SEQ_E1F,5,0.16,PARTIAL
2026-04-10T01:02:25.751Z,127b6141,DB_CORRUPTION_SIM,DNA_SEQ_F03,7,0.48,SUCCESS
2026-04-10T06:50:25.647Z,ae3232b4,SHADOW_NET_REDIRECT,DNA_SEQ_809,8,0.47,SUCCESS
2026-04-09T15:50:25.980Z,d80fefb2,HONEYTOKEN_GENERATION,DNA_SEQ_FE,2,0.64,SUCCESS
2026-04-09T22:32:25.622Z,0ed2f872,SANDBOX_ISOLATION,DNA_SEQ_196,2,0.70,SUCCESS
2026-04-09T20:36:02.063Z,bd645a82,HONEYTOKEN_GENERATION,DNA_SEQ_A84,6,0.16,SUCCESS
2026-04-09T21:20:25.747Z,b74b579c,BANNER_MUTATION,DNA_SEQ_552,2,0.56,PARTIAL
2026-04-10T07:07:13.642Z,f42f067e,LATENCY_MASKING,DNA_SEQ_3D1,5,0.70,SUCCESS
2026-04-10T04:49:13.539Z,4cf0fd6c,TRAFFIC_MIRRORING,DNA_SEQ_FD3,8,0.48,SUCCESS
2026-04-10T02:24:01.560Z,6e35e12e,ILLUSIONARY_FS_SYNTHESIS,DNA_SEQ_97C,5,0.49,PARTIAL
2026-04-09T21:57:37.919Z,86fceafb,ENTROPY_NOISE_INJECTION,DNA_SEQ_C53,2,0.76,SUCCESS
2026-04-10T07:28:50.085Z,e8b71fb1,BANNER_MUTATION,DNA_SEQ_9E1,7,0.84,SUCCESS
2026-04-10T03:07:14.157Z,06cfd798,ENTROPY_NOISE_INJECTION,DNA_SEQ_404,5,0.31,SUCCESS
2026-04-10T00:13:13.967Z,993935fe,RECURSIVE_TARPIT,DNA_SEQ_620,2,0.60,SUCCESS
2026-04-10T13:09:38.012Z,1bc361db,HONEYTOKEN_GENERATION,DNA_SEQ_42,7,0.39,PARTIAL
2026-04-09T23:34:49.694Z,b6b940b9,BANNER_MUTATION,DNA_SEQ_B70,7,0.87,SUCCESS
2026-04-09T21:19:13.666Z,66e9c7fb,SHADOW_NET_REDIRECT,DNA_SEQ_7B4,3,0.17,SUCCESS
2026-04-10T09:34:49.755Z,4d5a3f49,SANDBOX_ISOLATION,DNA_SEQ_999,3,0.57,SUCCESS
2026-04-10T07:28:50.085Z,e8b71fb1,BANNER_MUTATION,DNA_SEQ_9E1,7,0.84,SUCCESS
2026-04-10T13:28:49.939Z,7dac9650,HONEYTOKEN_GENERATION,DNA_SEQ_3E4,4,0.58,SUCCESS
2026-04-10T09:26:26.096Z,947ba3ef,ENTROPY_NOISE_INJECTION,DNA_SEQ_F08,5,0.66,SUCCESS
2026-04-10T11:39:38.131Z,abef97fd,ENTROPY_NOISE_INJECTION,DNA_SEQ_172,4,0.39,SUCCESS
2026-04-09T20:52:49.794Z,9f00641a,ILLUSIONARY_FS_SYNTHESIS,DNA_SEQ_492,5,0.64,SUCCESS
2026-04-09T17:09:37.724Z,17835033,ILLUSIONARY_FS_SYNTHESIS,DNA_SEQ_DF5,7,0.78,SUCCESS
2026-04-10T11:36:01.963Z,b9eb66d4,TRAFFIC_MIRRORING,DNA_SEQ_3ED,2,0.11,SUCCESS
2026-04-09T17:07:13.646Z,9fa3fa84,BANNER_MUTATION,DNA_SEQ_1AD,3,0.50,SUCCESS
2026-04-09T16:49:13.503Z,580dc2f5,LATENCY_MASKING,DNA_SEQ_510,4,0.10,SUCCESS
2026-04-10T08:16:49.952Z,6dba0c75,LATENCY_MASKING,DNA_SEQ_434,5,0.40,SUCCESS
2026-04-09T16:14:26.144Z,926eb45e,ILLUSIONARY_FS_SYNTHESIS,DNA_SEQ_31F,6,0.86,SUCCESS
2026-04-09T19:04:50.165Z,58269cb7,TRAFFIC_MIRRORING,DNA_SEQ_2E8,5,0.81,SUCCESS
2026-04-10T03:34:49.511Z,79b676f8,SANDBOX_ISOLATION,DNA_SEQ_4A8,8,0.17,PARTIAL
2026-04-10T09:26:26.096Z,947ba3ef,ENTROPY_NOISE_INJECTION,DNA_SEQ_F08,5,0.66,SUCCESS
2026-04-10T08:02:26.002Z,c8141870,SANDBOX_ISOLATION,DNA_SEQ_582,4,0.67,SUCCESS
2026-04-10T05:52:50.175Z,30481448,ENTROPY_NOISE_INJECTION,DNA_SEQ_F54,4,0.21,SUCCESS
2026-04-10T08:02:26.002Z,c8141870,SANDBOX_ISOLATION,DNA_SEQ_582,4,0.67,SUCCESS
2026-04-09T17:55:13.543Z,8d18f433,SANDBOX_ISOLATION,DNA_SEQ_372,2,0.62,SUCCESS
2026-04-09T21:02:25.742Z,9730ecc9,TRAFFIC_MIRRORING,DNA_SEQ_33A,8,0.42,SUCCESS
2026-04-10T00:12:01.917Z,d1888458,SANDBOX_ISOLATION,DNA_SEQ_107,2,0.38,SUCCESS
2026-04-10T01:02:25.751Z,127b6141,DB_CORRUPTION_SIM,DNA_SEQ_F03,7,0.48,SUCCESS
2026-04-10T03:25:14.119Z,22f58a81,RECURSIVE_TARPIT,DNA_SEQ_BBE,4,0.51,SUCCESS
2026-04-10T05:42:01.675Z,3f33a1d8,DB_CORRUPTION_SIM,DNA_SEQ_8B2,8,0.70,SUCCESS
2026-04-09T17:00:02.168Z,6ad5e1ef,SANDBOX_ISOLATION,DNA_SEQ_E9B,4,0.17,PARTIAL
2026-04-10T14:07:14.064Z,f6ef3ff7,ILLUSIONARY_FS_SYNTHESIS,DNA_SEQ_140,3,0.18,SUCCESS
2026-04-09T21:46:49.728Z,554a29d6,SHADOW_NET_REDIRECT,DNA_SEQ_8B2,3,0.12,SUCCESS
2026-04-09T22:39:37.605Z,1a4ec215,SANDBOX_ISOLATION,DNA_SEQ_71B,5,0.72,PARTIAL
2026-04-09T21:20:25.747Z,b74b579c,BANNER_MUTATION,DNA_SEQ_552,2,0.56,PARTIAL
2026-04-10T03:30:01.518Z,ac48bb5b,HONEYTOKEN_GENERATION,DNA_SEQ_6D7,8,0.19,PARTIAL
2026-04-10T03:02:25.521Z,a01b7bae,LATENCY_MASKING,DNA_SEQ_5FB,2,0.41,SUCCESS
2026-04-10T08:28:49.691Z,268fbc69,LATENCY_MASKING,DNA_SEQ_719,6,0.21,PARTIAL
2026-04-09T17:22:49.684Z,a9ff1766,HONEYTOKEN_GENERATION,DNA_SEQ_D28,3,0.48,SUCCESS
2026-04-10T03:21:38.021Z,733959d4,RECURSIVE_TARPIT,DNA_SEQ_AA6,8,0.51,SUCCESS
2026-04-10T09:26:26.096Z,947ba3ef,ENTROPY_NOISE_INJECTION,DNA_SEQ_F08,5,0.66,SUCCESS
2026-04-09T19:26:25.667Z,50add152,LATENCY_MASKING,DNA_SEQ_1D0,5,0.58,SUCCESS
2026-04-10T14:03:37.745Z,e1af79c8,SANDBOX_ISOLATION,DNA_SEQ_E66,5,0.12,SUCCESS
2026-04-10T09:44:25.620Z,3d3990e4,SANDBOX_ISOLATION,DNA_SEQ_C58,6,0.47,SUCCESS
2026-04-10T11:39:38.131Z,abef97fd,ENTROPY_NOISE_INJECTION,DNA_SEQ_172,4,0.39,SUCCESS
2026-04-09T17:34:50.045Z,478ce427,SANDBOX_ISOLATION,DNA_SEQ_C3D,8,0.88,SUCCESS
2026-04-10T00:19:13.898Z,9e68a200,BANNER_MUTATION,DNA_SEQ_D17,8,0.23,SUCCESS
2026-04-10T10:38:25.667Z,cc10c356,DB_CORRUPTION_SIM,DNA_SEQ_9E7,8,0.65,SUCCESS
2026-04-10T14:34:49.647Z,cb139e49,TRAFFIC_MIRRORING,DNA_SEQ_131,4,0.65,SUCCESS
2026-04-10T14:32:25.776Z,7e501717,ILLUSIONARY_FS_SYNTHESIS,DNA_SEQ_E10,6,0.61,SUCCESS
2026-04-09T22:46:49.604Z,f3c7a3dd,TRAFFIC_MIRRORING,DNA_SEQ_A55,2,0.61,SUCCESS
2026-04-10T04:37:13.843Z,9706e3c1,BANNER_MUTATION,DNA_SEQ_935,4,0.46,SUCCESS
2026-04-09T22:50:26.187Z,9a0673fb,RECURSIVE_TARPIT,DNA_SEQ_C0D,3,0.42,PARTIAL
2026-04-09T20:43:14.187Z,97e5995e,HONEYTOKEN_GENERATION,DNA_SEQ_52E,3,0.42,PARTIAL
2026-04-10T13:28:49.939Z,7dac9650,HONEYTOKEN_GENERATION,DNA_SEQ_3E4,4,0.58,SUCCESS
2026-04-10T05:45:38.094Z,03e8f18f,TRAFFIC_MIRRORING,DNA_SEQ_CA,5,0.37,SUCCESS
2026-04-10T10:57:37.551Z,01092f6d,ENTROPY_NOISE_INJECTION,DNA_SEQ_793,5,0.28,SUCCESS
2026-04-10T03:25:14.119Z,22f58a81,RECURSIVE_TARPIT,DNA_SEQ_BBE,4,0.51,SUCCESS
2026-04-10T01:31:13.891Z,646639b8,HONEYTOKEN_GENERATION,DNA_SEQ_D15,6,0.32,SUCCESS
2026-04-09T18:31:14.008Z,99153ac6,SANDBOX_ISOLATION,DNA_SEQ_1B1,5,0.18,SUCCESS
2026-04-10T09:32:26.040Z,d187fd4a,SANDBOX_ISOLATION,DNA_SEQ_B50,6,0.36,SUCCESS
2026-04-09T22:10:49.842Z,da576d08,RECURSIVE_TARPIT,DNA_SEQ_4E0,7,0.62,SUCCESS
2026-04-10T03:34:49.511Z,79b676f8,SANDBOX_ISOLATION,DNA_SEQ_4A8,8,0.17,PARTIAL
2026-04-09T20:19:13.600Z,6327d75c,ILLUSIONARY_FS_SYNTHESIS,DNA_SEQ_1EA,2,0.83,PARTIAL
2026-04-09T21:52:49.925Z,866ff7dd,SANDBOX_ISOLATION,DNA_SEQ_385,6,0.79,SUCCESS
2026-04-09T19:26:25.667Z,50add152,LATENCY_MASKING,DNA_SEQ_1D0,5,0.58,SUCCESS
2026-04-10T10:13:13.634Z,338dce80,BANNER_MUTATION,DNA_SEQ_715,8,0.40,SUCCESS
2026-04-10T11:02:25.962Z,77fa279a,SHADOW_NET_REDIRECT,DNA_SEQ_BF2,2,0.73,SUCCESS
2026-04-10T12:06:01.640Z,3012d966,SHADOW_NET_REDIRECT,DNA_SEQ_117,8,0.28,SUCCESS
2026-04-10T04:58:49.912Z,f4e18cae,BANNER_MUTATION,DNA_SEQ_CCA,8,0.21,SUCCESS
2026-04-10T14:12:01.503Z,4490d864,RECURSIVE_TARPIT,DNA_SEQ_667,2,0.13,SUCCESS
2026-04-09T15:44:25.502Z,bf0429aa,TRAFFIC_MIRRORING,DNA_SEQ_3D6,3,0.51,SUCCESS
2026-04-10T15:01:14.139Z,0bba9229,ILLUSIONARY_FS_SYNTHESIS,DNA_SEQ_C26,5,0.67,SUCCESS
2026-04-10T02:14:25.622Z,27531418,TRAFFIC_MIRRORING,DNA_SEQ_546,3,0.65,PARTIAL
2026-04-09T18:04:49.817Z,c04c58f3,LATENCY_MASKING,DNA_SEQ_5F3,6,0.78,SUCCESS
2026-04-09T20:07:13.488Z,af8c3d8f,BANNER_MUTATION,DNA_SEQ_88E,5,0.16,SUCCESS
2026-04-10T13:00:01.585Z,3da58091,LATENCY_MASKING,DNA_SEQ_6CD,5,0.88,SUCCESS
2026-04-10T05:43:13.862Z,c790fc1f,RECURSIVE_TARPIT,DNA_SEQ_1D6,2,0.65,PARTIAL
2026-04-09T22:30:01.660Z,9523bf2f,LATENCY_MASKING,DNA_SEQ_E34,6,0.85,SUCCESS
2026-04-10T10:16:49.528Z,d141ef46,RECURSIVE_TARPIT,DNA_SEQ_DCA,6,0.39,SUCCESS
2026-04-10T08:24:01.893Z,7059f90c,TRAFFIC_MIRRORING,DNA_SEQ_CB8,4,0.44,PARTIAL
2026-04-10T08:02:26.002Z,c8141870,SANDBOX_ISOLATION,DNA_SEQ_582,4,0.67,SUCCESS
2026-04-09T16:21:37.874Z,11ac1675,ILLUSIONARY_FS_SYNTHESIS,DNA_SEQ_90F,3,0.26,SUCCESS
2026-04-10T12:58:49.795Z,188b5071,RECURSIVE_TARPIT,DNA_SEQ_9CC,4,0.28,SUCCESS
2026-04-09T20:36:02.063Z,bd645a82,HONEYTOKEN_GENERATION,DNA_SEQ_A84,6,0.16,SUCCESS
2026-04-09T21:54:01.791Z,8f1a20fa,HONEYTOKEN_GENERATION,DNA_SEQ_911,3,0.76,PARTIAL
2026-04-09T19:12:01.760Z,565c18d9,RECURSIVE_TARPIT,DNA_SEQ_3C7,4,0.11,PARTIAL
2026-04-09T21:08:25.797Z,9d58a941,SHADOW_NET_REDIRECT,DNA_SEQ_4B6,6,0.62,SUCCESS
2026-04-10T08:03:37.918Z,003abd8d,BANNER_MUTATION,DNA_SEQ_C08,7,0.18,SUCCESS
2026-04-10T02:40:49.822Z,b45f45d5,SANDBOX_ISOLATION,DNA_SEQ_B61,5,0.26,SUCCESS
2026-04-09T20:50:26.100Z,271a3c76,BANNER_MUTATION,DNA_SEQ_FE4,8,0.42,PARTIAL
2026-04-10T09:50:25.782Z,40a247ce,RECURSIVE_TARPIT,DNA_SEQ_11,4,0.73,SUCCESS
2026-04-10T06:01:13.966Z,4f27d26c,SHADOW_NET_REDIRECT,DNA_SEQ_E7F,4,0.38,SUCCESS
2026-04-09T16:46:49.651Z,f175a1ac,DB_CORRUPTION_SIM,DNA_SEQ_DCB,5,0.48,SUCCESS
2026-04-10T04:30:01.834Z,322deefe,SANDBOX_ISOLATION,DNA_SEQ_DBA,8,0.55,SUCCESS
2026-04-10T13:34:50.016Z,cf3ccb1a,TRAFFIC_MIRRORING,DNA_SEQ_1A3,4,0.54,SUCCESS
2026-04-09T17:40:49.731Z,41950890,HONEYTOKEN_GENERATION,DNA_SEQ_4C2,8,0.49,SUCCESS
2026-04-10T11:36:01.963Z,b9eb66d4,TRAFFIC_MIRRORING,DNA_SEQ_3ED,2,0.11,SUCCESS
2026-04-09T23:34:49.694Z,b6b940b9,BANNER_MUTATION,DNA_SEQ_B70,7,0.87,SUCCESS
2026-04-09T22:32:25.622Z,0ed2f872,SANDBOX_ISOLATION,DNA_SEQ_196,2,0.70,SUCCESS
2026-04-10T12:52:49.739Z,f4811d3e,DB_CORRUPTION_SIM,DNA_SEQ_80E,7,0.40,SUCCESS
2026-04-10T03:25:14.119Z,22f58a81,RECURSIVE_TARPIT,DNA_SEQ_BBE,4,0.51,SUCCESS
2026-04-10T08:27:37.838Z,773c8f08,TRAFFIC_MIRRORING,DNA_SEQ_9DB,4,0.34,SUCCESS
2026-04-10T07:56:25.747Z,319c5091,RECURSIVE_TARPIT,DNA_SEQ_C2C,5,0.71,SUCCESS
2026-04-10T09:57:37.749Z,f6ed93a1,SANDBOX_ISOLATION,DNA_SEQ_D28,7,0.12,PARTIAL
2026-04-09T19:16:50.078Z,e355533c,TRAFFIC_MIRRORING,DNA_SEQ_E55,5,0.34,SUCCESS
2026-04-09T19:24:02.180Z,259e3b50,RECURSIVE_TARPIT,DNA_SEQ_6C,3,0.89,SUCCESS
2026-04-10T03:51:37.706Z,6bb914ed,ILLUSIONARY_FS_SYNTHESIS,DNA_SEQ_77,4,0.30,SUCCESS
2026-04-10T01:02:25.751Z,127b6141,DB_CORRUPTION_SIM,DNA_SEQ_F03,7,0.48,SUCCESS
2026-04-10T00:13:13.967Z,993935fe,RECURSIVE_TARPIT,DNA_SEQ_620,2,0.60,SUCCESS
2026-04-09T17:25:13.626Z,e44c6465,DB_CORRUPTION_SIM,DNA_SEQ_CB9,2,0.82,SUCCESS
2026-04-10T10:07:14.123Z,6e72e08a,HONEYTOKEN_GENERATION,DNA_SEQ_DCE,4,0.13,SUCCESS
2026-04-09T21:54:01.791Z,8f1a20fa,HONEYTOKEN_GENERATION,DNA_SEQ_911,3,0.76,PARTIAL
2026-04-10T06:09:37.977Z,f5d2b401,DB_CORRUPTION_SIM,DNA_SEQ_40F,4,0.52,SUCCESS
2026-04-10T06:06:01.589Z,2fd8c441,ENTROPY_NOISE_INJECTION,DNA_SEQ_232,3,0.70,PARTIAL
2026-04-09T17:07:13.646Z,9fa3fa84,BANNER_MUTATION,DNA_SEQ_1AD,3,0.50,SUCCESS
2026-04-09T19:24:02.180Z,259e3b50,RECURSIVE_TARPIT,DNA_SEQ_6C,3,0.89,SUCCESS
2026-04-09T22:12:01.614Z,509d9499,BANNER_MUTATION,DNA_SEQ_188,4,0.24,PARTIAL
2026-04-09T18:55:13.782Z,bab34889,DB_CORRUPTION_SIM,DNA_SEQ_9D9,4,0.15,SUCCESS
2026-04-10T13:42:01.860Z,4a26c69e,SANDBOX_ISOLATION,DNA_SEQ_6E3,8,0.28,SUCCESS
2026-04-10T08:24:01.893Z,7059f90c,TRAFFIC_MIRRORING,DNA_SEQ_CB8,4,0.44,PARTIAL
2026-04-10T06:06:01.589Z,2fd8c441,ENTROPY_NOISE_INJECTION,DNA_SEQ_232,3,0.70,PARTIAL
2026-04-09T20:28:49.925Z,a098165c,RECURSIVE_TARPIT,DNA_SEQ_D97,5,0.44,SUCCESS
2026-04-10T08:24:01.893Z,7059f90c,TRAFFIC_MIRRORING,DNA_SEQ_CB8,4,0.44,PARTIAL
2026-04-09T19:16:50.078Z,e355533c,TRAFFIC_MIRRORING,DNA_SEQ_E55,5,0.34,SUCCESS
2026-04-09T17:12:01.755Z,ad905e7e,ENTROPY_NOISE_INJECTION,DNA_SEQ_215,4,0.17,PARTIAL
2026-04-09T20:04:49.750Z,c1654c01,TRAFFIC_MIRRORING,DNA_SEQ_551,8,0.18,SUCCESS
2026-04-10T06:33:37.579Z,cc5531de,DB_CORRUPTION_SIM,DNA_SEQ_26E,3,0.44,PARTIAL
2026-04-10T12:37:13.497Z,a617fac9,ILLUSIONARY_FS_SYNTHESIS,DNA_SEQ_7BE,7,0.15,PARTIAL
2026-04-10T05:52:50.175Z,30481448,ENTROPY_NOISE_INJECTION,DNA_SEQ_F54,4,0.21,SUCCESS
2026-04-10T00:27:37.716Z,b25f9b49,BANNER_MUTATION,DNA_SEQ_857,6,0.40,SUCCESS
2026-04-10T00:01:13.930Z,49b74ca0,BANNER_MUTATION,DNA_SEQ_358,4,0.34,SUCCESS
2026-04-09T21:08:25.797Z,9d58a941,SHADOW_NET_REDIRECT,DNA_SEQ_4B6,6,0.62,SUCCESS
2026-04-10T00:01:13.930Z,49b74ca0,BANNER_MUTATION,DNA_SEQ_358,4,0.34,SUCCESS
2026-04-10T03:34:49.511Z,79b676f8,SANDBOX_ISOLATION,DNA_SEQ_4A8,8,0.17,PARTIAL
2026-04-09T23:28:49.707Z,b9548aaf,RECURSIVE_TARPIT,DNA_SEQ_9E2,5,0.64,PARTIAL
2026-04-09T20:57:38.043Z,6fd96d29,RECURSIVE_TARPIT,DNA_SEQ_B18,3,0.79,PARTIAL
2026-04-09T16:14:26.144Z,926eb45e,ILLUSIONARY_FS_SYNTHESIS,DNA_SEQ_31F,6,0.86,SUCCESS
2026-04-09T22:18:02.021Z,830b947d,ILLUSIONARY_FS_SYNTHESIS,DNA_SEQ_6EA,4,0.60,SUCCESS
2026-04-10T01:51:37.728Z,d26e638a,BANNER_MUTATION,DNA_SEQ_39B,6,0.56,SUCCESS
2026-04-09T18:22:49.829Z,763c7ff4,ILLUSIONARY_FS_SYNTHESIS,DNA_SEQ_59,2,0.77,PARTIAL
2026-04-10T05:42:01.675Z,3f33a1d8,DB_CORRUPTION_SIM,DNA_SEQ_8B2,8,0.70,SUCCESS
2026-04-09T18:14:26.104Z,d9c030a7,SANDBOX_ISOLATION,DNA_SEQ_B96,8,0.38,SUCCESS
2026-04-10T11:07:13.847Z,ee7a0156,SHADOW_NET_REDIRECT,DNA_SEQ_4D2,4,0.15,SUCCESS
2026-04-10T03:51:37.706Z,6bb914ed,ILLUSIONARY_FS_SYNTHESIS,DNA_SEQ_77,4,0.30,SUCCESS
2026-04-10T02:24:01.560Z,6e35e12e,ILLUSIONARY_FS_SYNTHESIS,DNA_SEQ_97C,5,0.49,PARTIAL
2026-04-10T01:46:49.718Z,62f7c9d3,RECURSIVE_TARPIT,DNA_SEQ_777,3,0.36,SUCCESS
2026-04-09T17:55:13.543Z,8d18f433,SANDBOX_ISOLATION,DNA_SEQ_372,2,0.62,SUCCESS
2026-04-10T10:03:37.612Z,c3c1bf7d,TRAFFIC_MIRRORING,DNA_SEQ_CFF,7,0.22,SUCCESS
2026-04-09T17:34:50.045Z,478ce427,SANDBOX_ISOLATION,DNA_SEQ_C3D,8,0.88,SUCCESS
2026-04-10T06:28:49.880Z,d5420b32,SANDBOX_ISOLATION,DNA_SEQ_10C,2,0.69,SUCCESS
2026-04-09T20:50:26.100Z,271a3c76,BANNER_MUTATION,DNA_SEQ_FE4,8,0.42,PARTIAL
2026-04-10T05:25:13.656Z,385fd1ac,BANNER_MUTATION,DNA_SEQ_7A8,3,0.50,SUCCESS
2026-04-10T09:32:26.040Z,d187fd4a,SANDBOX_ISOLATION,DNA_SEQ_B50,6,0.36,SUCCESS
2026-04-10T09:34:49.755Z,4d5a3f49,SANDBOX_ISOLATION,DNA_SEQ_999,3,0.57,SUCCESS
2026-04-10T08:08:26.052Z,1334c1e0,SANDBOX_ISOLATION,DNA_SEQ_166,7,0.40,SUCCESS
2026-04-10T12:52:49.739Z,f4811d3e,DB_CORRUPTION_SIM,DNA_SEQ_80E,7,0.40,SUCCESS
2026-04-10T00:13:13.967Z,993935fe,RECURSIVE_TARPIT,DNA_SEQ_620,2,0.60,SUCCESS
2026-04-09T23:16:49.493Z,e8847d1f,BANNER_MUTATION,DNA_SEQ_A8,4,0.32,SUCCESS
2026-04-09T17:54:01.847Z,55c35103,ENTROPY_NOISE_INJECTION,DNA_SEQ_FE2,5,0.71,SUCCESS
2026-04-10T09:15:37.902Z,d5195ebf,RECURSIVE_TARPIT,DNA_SEQ_CB4,2,0.19,PARTIAL
2026-04-10T06:46:50.157Z,154bfc63,TRAFFIC_MIRRORING,DNA_SEQ_448,2,0.88,SUCCESS
2026-04-10T13:00:01.585Z,3da58091,LATENCY_MASKING,DNA_SEQ_6CD,5,0.88,SUCCESS
2026-04-10T09:06:01.813Z,99c2a5ef,ILLUSIONARY_FS_SYNTHESIS,DNA_SEQ_14A,8,0.28,SUCCESS
2026-04-10T12:49:13.781Z,94c60dd8,ENTROPY_NOISE_INJECTION,DNA_SEQ_9C0,6,0.63,SUCCESS
2026-04-10T15:12:01.962Z,178977ab,RECURSIVE_TARPIT,DNA_SEQ_75D,2,0.56,SUCCESS
2026-04-10T02:46:49.651Z,52eb2601,BANNER_MUTATION,DNA_SEQ_2E6,8,0.35,SUCCESS
2026-04-09T22:30:01.660Z,9523bf2f,LATENCY_MASKING,DNA_SEQ_E34,6,0.85,SUCCESS
2026-04-10T06:58:49.731Z,d1c47a3d,LATENCY_MASKING,DNA_SEQ_1E3,4,0.63,PARTIAL
2026-04-10T12:06:01.640Z,3012d966,SHADOW_NET_REDIRECT,DNA_SEQ_117,8,0.28,SUCCESS
2026-04-10T09:36:01.923Z,dde280ab,HONEYTOKEN_GENERATION,DNA_SEQ_FDE,6,0.86,SUCCESS
2026-04-10T06:32:26.121Z,ffce874f,RECURSIVE_TARPIT,DNA_SEQ_E75,2,0.78,SUCCESS
2026-04-09T15:42:02.115Z,0526a2ec,RECURSIVE_TARPIT,DNA_SEQ_28E,3,0.84,SUCCESS
2026-04-10T15:10:49.638Z,c0e384db,LATENCY_MASKING,DNA_SEQ_F71,7,0.45,SUCCESS
2026-04-10T00:27:37.716Z,b25f9b49,BANNER_MUTATION,DNA_SEQ_857,6,0.40,SUCCESS
2026-04-10T01:15:38.003Z,1aa6ffc4,SHADOW_NET_REDIRECT,DNA_SEQ_EA0,5,0.83,SUCCESS
2026-04-10T09:15:37.902Z,d5195ebf,RECURSIVE_TARPIT,DNA_SEQ_CB4,2,0.19,PARTIAL
2026-04-09T23:33:38.117Z,3fcc4033,LATENCY_MASKING,DNA_SEQ_53,2,0.86,SUCCESS
2026-04-10T09:32:26.040Z,d187fd4a,SANDBOX_ISOLATION,DNA_SEQ_B50,6,0.36,SUCCESS
2026-04-10T00:27:37.716Z,b25f9b49,BANNER_MUTATION,DNA_SEQ_857,6,0.40,SUCCESS
2026-04-10T02:27:37.987Z,b38d17d1,DB_CORRUPTION_SIM,DNA_SEQ_635,2,0.83,SUCCESS
2026-04-10T00:45:37.828Z,cd517194,SHADOW_NET_REDIRECT,DNA_SEQ_1D1,6,0.79,SUCCESS
2026-04-10T09:50:25.782Z,40a247ce,RECURSIVE_TARPIT,DNA_SEQ_11,4,0.73,SUCCESS
2026-04-10T03:42:02.106Z,5b3782d2,DB_CORRUPTION_SIM,DNA_SEQ_D1B,8,0.20,SUCCESS
2026-04-10T06:07:13.584Z,6fe1a7ee,LATENCY_MASKING,DNA_SEQ_D66,3,0.57,SUCCESS
2026-04-10T11:39:38.131Z,abef97fd,ENTROPY_NOISE_INJECTION,DNA_SEQ_172,4,0.39,SUCCESS
2026-04-10T00:50:25.702Z,b16e3960,SANDBOX_ISOLATION,DNA_SEQ_7DE,2,0.19,PARTIAL
2026-04-09T16:50:25.850Z,b0c62069,ENTROPY_NOISE_INJECTION,DNA_SEQ_B6A,6,0.36,SUCCESS
2026-04-09T17:40:49.731Z,41950890,HONEYTOKEN_GENERATION,DNA_SEQ_4C2,8,0.49,SUCCESS
2026-04-09T18:26:26.145Z,cdb6a4e8,BANNER_MUTATION,DNA_SEQ_61,4,0.40,SUCCESS
2026-04-09T16:24:01.507Z,a239f0d4,ENTROPY_NOISE_INJECTION,DNA_SEQ_13E,5,0.49,SUCCESS
2026-04-10T01:33:37.929Z,b489e213,ILLUSIONARY_FS_SYNTHESIS,DNA_SEQ_E45,7,0.41,SUCCESS
2026-04-10T13:43:13.861Z,f22e99d9,DB_CORRUPTION_SIM,DNA_SEQ_C7C,5,0.67,SUCCESS
2026-04-10T14:16:49.687Z,b21191cf,BANNER_MUTATION,DNA_SEQ_9CC,4,0.81,SUCCESS
2026-04-09T15:42:02.115Z,0526a2ec,RECURSIVE_TARPIT,DNA_SEQ_28E,3,0.84,SUCCESS
2026-04-09T16:46:49.651Z,f175a1ac,DB_CORRUPTION_SIM,DNA_SEQ_DCB,5,0.48,SUCCESS
2026-04-09T20:04:49.750Z,c1654c01,TRAFFIC_MIRRORING,DNA_SEQ_551,8,0.18,SUCCESS
2026-04-10T00:06:02.043Z,c6e2859e,ILLUSIONARY_FS_SYNTHESIS,DNA_SEQ_20F,3,0.22,SUCCESS
2026-04-10T02:26:25.741Z,167803b1,RECURSIVE_TARPIT,DNA_SEQ_6E2,5,0.10,SUCCESS
2026-04-10T03:07:14.157Z,06cfd798,ENTROPY_NOISE_INJECTION,DNA_SEQ_404,5,0.31,SUCCESS
2026-04-10T15:08:25.738Z,3cff8ff7,LATENCY_MASKING,DNA_SEQ_E38,6,0.79,PARTIAL
2026-04-10T06:40:49.892Z,6151b67f,HONEYTOKEN_GENERATION,DNA_SEQ_B3D,4,0.66,PARTIAL
2026-04-10T04:00:01.551Z,30c5bf67,SANDBOX_ISOLATION,DNA_SEQ_486,5,0.77,SUCCESS
2026-04-10T10:27:38.166Z,e844045d,SANDBOX_ISOLATION,DNA_SEQ_9B4,6,0.26,PARTIAL
2026-04-09T22:32:25.622Z,0ed2f872,SANDBOX_ISOLATION,DNA_SEQ_196,2,0.70,SUCCESS
2026-04-10T10:16:49.528Z,d141ef46,RECURSIVE_TARPIT,DNA_SEQ_DCA,6,0.39,SUCCESS
2026-04-10T08:56:25.888Z,21ed437b,SANDBOX_ISOLATION,DNA_SEQ_4C8,5,0.29,PARTIAL
2026-04-10T01:13:13.823Z,81d189c2,TRAFFIC_MIRRORING,DNA_SEQ_9D8,2,0.11,SUCCESS
2026-04-10T12:57:37.769Z,c46ed9b7,ILLUSIONARY_FS_SYNTHESIS,DNA_SEQ_13E,4,0.31,SUCCESS
2026-04-10T01:00:01.955Z,a6f1b7b4,LATENCY_MASKING,DNA_SEQ_544,8,0.79,SUCCESS
2026-04-10T10:27:38.166Z,e844045d,SANDBOX_ISOLATION,DNA_SEQ_9B4,6,0.26,PARTIAL
2026-04-10T03:21:38.021Z,733959d4,RECURSIVE_TARPIT,DNA_SEQ_AA6,8,0.51,SUCCESS
2026-04-09T18:22:49.829Z,763c7ff4,ILLUSIONARY_FS_SYNTHESIS,DNA_SEQ_59,2,0.77,PARTIAL
2026-04-09T23:51:37.651Z,a104efd5,ILLUSIONARY_FS_SYNTHESIS,DNA_SEQ_8C2,6,0.76,SUCCESS
2026-04-09T19:27:37.905Z,de1447a4,SANDBOX_ISOLATION,DNA_SEQ_396,6,0.72,SUCCESS
2026-04-10T10:02:25.975Z,37b66779,DB_CORRUPTION_SIM,DNA_SEQ_B4B,4,0.31,SUCCESS
2026-04-10T05:43:13.862Z,c790fc1f,RECURSIVE_TARPIT,DNA_SEQ_1D6,2,0.65,PARTIAL
2026-04-09T16:57:37.780Z,a31c868d,TRAFFIC_MIRRORING,DNA_SEQ_7EF,6,0.31,PARTIAL
2026-04-10T01:00:01.955Z,a6f1b7b4,LATENCY_MASKING,DNA_SEQ_544,8,0.79,SUCCESS
2026-04-10T15:20:25.891Z,4abd7399,DB_CORRUPTION_SIM,DNA_SEQ_BA2,7,0.86,SUCCESS
2026-04-09T20:28:49.925Z,a098165c,RECURSIVE_TARPIT,DNA_SEQ_D97,5,0.44,SUCCESS
2026-04-10T10:16:49.528Z,d141ef46,RECURSIVE_TARPIT,DNA_SEQ_DCA,6,0.39,SUCCESS
2026-04-09T19:14:25.814Z,fe89fab6,RECURSIVE_TARPIT,DNA_SEQ_DDC,2,0.19,SUCCESS
2026-04-10T10:07:14.123Z,6e72e08a,HONEYTOKEN_GENERATION,DNA_SEQ_DCE,4,0.13,SUCCESS
2026-04-10T06:42:01.734Z,66851aa6,BANNER_MUTATION,DNA_SEQ_95A,2,0.46,SUCCESS
2026-04-09T18:52:49.931Z,e90cf7fd,RECURSIVE_TARPIT,DNA_SEQ_F96,2,0.87,PARTIAL
2026-04-09T17:42:01.684Z,0793ac0a,TRAFFIC_MIRRORING,DNA_SEQ_860,4,0.51,SUCCESS
2026-04-10T06:28:49.880Z,d5420b32,SANDBOX_ISOLATION,DNA_SEQ_10C,2,0.69,SUCCESS
2026-04-09T19:04:50.165Z,58269cb7,TRAFFIC_MIRRORING,DNA_SEQ_2E8,5,0.81,SUCCESS
2026-04-09T21:43:13.685Z,e55362d4,DB_CORRUPTION_SIM,DNA_SEQ_CA8,6,0.82,SUCCESS
2026-04-09T17:07:13.646Z,9fa3fa84,BANNER_MUTATION,DNA_SEQ_1AD,3,0.50,SUCCESS
2026-04-10T12:44:26.080Z,14031be9,BANNER_MUTATION,DNA_SEQ_942,8,0.71,PARTIAL
2026-04-10T06:26:25.711Z,2177b4e1,DB_CORRUPTION_SIM,DNA_SEQ_30A,4,0.84,SUCCESS
2026-04-09T17:40:49.731Z,41950890,HONEYTOKEN_GENERATION,DNA_SEQ_4C2,8,0.49,SUCCESS
2026-04-10T02:10:49.799Z,dc213afa,ENTROPY_NOISE_INJECTION,DNA_SEQ_8A9,8,0.34,SUCCESS
2026-04-10T10:27:38.166Z,e844045d,SANDBOX_ISOLATION,DNA_SEQ_9B4,6,0.26,PARTIAL
2026-04-10T05:45:38.094Z,03e8f18f,TRAFFIC_MIRRORING,DNA_SEQ_CA,5,0.37,SUCCESS
2026-04-09T17:16:49.848Z,d47ed9ee,BANNER_MUTATION,DNA_SEQ_B50,4,0.16,PARTIAL
2026-04-09T23:34:49.694Z,b6b940b9,BANNER_MUTATION,DNA_SEQ_B70,7,0.87,SUCCESS
2026-04-09T19:02:26.093Z,1ef308d8,TRAFFIC_MIRRORING,DNA_SEQ_F52,3,0.70,SUCCESS
2026-04-09T18:01:13.961Z,0efda13f,BANNER_MUTATION,DNA_SEQ_9D2,5,0.58,SUCCESS
2026-04-09T22:21:38.085Z,a25c39ea,ILLUSIONARY_FS_SYNTHESIS,DNA_SEQ_BE8,4,0.86,SUCCESS